output,error_type,driver,active,cv_pct,r,n,n_eff,p_naive,p_eff,abs_r,sig_naive,sig_eff,q_eff,sig_fdr
Stage1.M0,bias,Machine1.Zone1Temperature,hayir,0.09,-0.1855,14018,137.6,0.0,0.0294,0.1855,True,True,0.1146,False
Stage1.M0,bias,Machine1.Zone2Temperature,hayir,0.56,-0.0315,14018,1934.1,0.000195,0.1667,0.0315,True,False,0.3548,False
Stage1.M0,bias,Machine1.MotorRPM,evet,5.74,0.0008,14018,51.1,0.922078,0.9954,0.0008,False,False,0.9954,False
Stage1.M0,bias,Machine1.ExitZoneTemperature,evet,2.71,-0.1099,14018,60.0,0.0,0.4045,0.1099,True,False,0.6192,False
Stage1.M0,bias,Machine2.Zone1Temperature,hayir,0.08,-0.0127,14018,756.0,0.132096,0.727,0.0127,False,False,0.8421,False
Stage1.M0,bias,Machine2.Zone2Temperature,hayir,0.16,-0.0293,14018,927.9,0.000511,0.3721,0.0293,True,False,0.589,False
Stage1.M0,bias,Machine2.MotorRPM,hayir,0.21,0.0059,14018,14018.0,0.484627,0.4846,0.0059,False,False,0.6853,False
Stage1.M0,bias,Machine2.ExitZoneTemperature,hayir,0.27,-0.0035,14018,2839.9,0.676811,0.8512,0.0035,False,False,0.9137,False
Stage1.M0,bias,Machine3.Zone1Temperature,hayir,0.1,-0.1041,14018,303.9,0.0,0.0698,0.1041,True,False,0.2095,False
Stage1.M0,bias,Machine3.Zone2Temperature,hayir,0.15,-0.0363,14018,1428.9,1.7e-05,0.1705,0.0363,True,False,0.3561,False
Stage1.M0,bias,Machine3.MotorRPM,evet,3.28,-0.0011,14018,55.5,0.896345,0.9936,0.0011,False,False,0.9954,False
Stage1.M0,bias,Machine3.ExitZoneTemperature,hayir,0.1,-0.0717,14018,455.8,0.0,0.1267,0.0717,True,False,0.2982,False
Stage1.M0,bias,Combiner.Temperature3,hayir,0.15,0.0107,14018,1926.5,0.205525,0.6391,0.0107,False,False,0.7872,False
Stage1.M0,bias,Machine4.Temperature1,hayir,0.64,-0.0324,14018,897.8,0.000122,0.3315,0.0324,True,False,0.545,False
Stage1.M0,bias,Machine4.Temperature2,hayir,0.82,-0.0056,14018,1022.0,0.509148,0.8587,0.0056,False,False,0.9201,False
Stage1.M0,bias,Machine4.Pressure,evet,5.46,-0.0006,14018,135.0,0.942245,0.9944,0.0006,False,False,0.9954,False
Stage1.M0,bias,Machine4.Temperature3,evet,1.15,0.3106,14018,60.3,0.0,0.0151,0.3106,True,True,0.073,False
Stage1.M0,bias,Machine4.Temperature5,hayir,0.92,0.2765,14018,70.5,0.0,0.0197,0.2765,True,True,0.0868,False
Stage1.M0,bias,Machine5.Temperature1,hayir,0.01,0.0539,14018,1822.2,0.0,0.0213,0.0539,True,True,0.0919,False
Stage1.M0,bias,Machine5.Temperature2,hayir,0.02,0.0144,14018,1539.7,0.087931,0.572,0.0144,False,False,0.7476,False
Stage1.M0,bias,Machine5.Temperature3,hayir,0.38,0.2945,14018,76.9,0.0,0.0091,0.2945,True,True,0.0534,False
Stage1.M0,bias,Machine5.Temperature4,hayir,0.66,0.1675,14018,57.8,0.0,0.2108,0.1675,True,False,0.4029,False
Stage1.M0,bias,Machine5.Temperature5,hayir,0.04,0.0472,14018,988.0,0.0,0.1379,0.0472,True,False,0.3206,False
Stage1.M0,bias,Machine5.Temperature6,hayir,0.63,-0.1924,14018,85.5,0.0,0.0767,0.1924,True,False,0.2213,False
Stage1.M1,bias,Machine1.Zone1Temperature,hayir,0.09,-0.2249,8177,78.2,0.0,0.0472,0.2249,True,True,0.1573,False
Stage1.M1,bias,Machine1.Zone2Temperature,hayir,0.56,-0.0219,8177,803.0,0.047803,0.5358,0.0219,True,False,0.729,False
Stage1.M1,bias,Machine1.MotorRPM,evet,5.74,-0.0494,8177,14.8,8e-06,0.8654,0.0494,True,False,0.9256,False
Stage1.M1,bias,Machine1.ExitZoneTemperature,evet,2.71,0.0242,8177,85.5,0.028831,0.8262,0.0242,True,False,0.895,False
Stage1.M1,bias,Machine2.Zone1Temperature,hayir,0.08,-0.0949,8177,235.8,0.0,0.1466,0.0949,True,False,0.3306,False
Stage1.M1,bias,Machine2.Zone2Temperature,hayir,0.16,-0.0539,8177,350.3,1e-06,0.315,0.0539,True,False,0.5264,False
Stage1.M1,bias,Machine2.MotorRPM,hayir,0.21,0.0043,8177,8177.0,0.698672,0.6987,0.0043,False,False,0.8284,False
Stage1.M1,bias,Machine2.ExitZoneTemperature,hayir,0.27,-0.0202,8177,8177.0,0.068107,0.0681,0.0202,False,False,0.2076,False
Stage1.M1,bias,Machine3.Zone1Temperature,hayir,0.1,-0.1673,8177,91.4,0.0,0.1122,0.1673,True,False,0.2818,False
Stage1.M1,bias,Machine3.Zone2Temperature,hayir,0.15,-0.0553,8177,567.9,1e-06,0.1885,0.0553,True,False,0.3729,False
Stage1.M1,bias,Machine3.MotorRPM,evet,3.28,0.0203,8177,17.7,0.066174,0.9379,0.0203,False,False,0.9736,False
Stage1.M1,bias,Machine3.ExitZoneTemperature,hayir,0.1,-0.136,8177,144.0,0.0,0.1042,0.136,True,False,0.2671,False
Stage1.M1,bias,Combiner.Temperature3,hayir,0.15,-0.0434,8177,2310.0,8.6e-05,0.0369,0.0434,True,True,0.131,False
Stage1.M1,bias,Machine4.Temperature1,hayir,0.64,-0.251,8177,95.5,0.0,0.0137,0.251,True,True,0.0678,False
Stage1.M1,bias,Machine4.Temperature2,hayir,0.82,-0.2554,8177,98.1,0.0,0.0109,0.2554,True,True,0.0588,False
Stage1.M1,bias,Machine4.Pressure,evet,5.46,-0.0821,8177,41.5,0.0,0.6096,0.0821,True,False,0.7733,False
Stage1.M1,bias,Machine4.Temperature3,evet,1.15,0.3412,8177,15.6,0.0,0.2067,0.3412,True,False,0.3989,False
Stage1.M1,bias,Machine4.Temperature5,hayir,0.92,0.2207,8177,22.5,0.0,0.3214,0.2207,True,False,0.5327,False
Stage1.M1,bias,Machine5.Temperature1,hayir,0.01,0.0518,8177,1134.4,3e-06,0.0814,0.0518,True,False,0.2287,False
Stage1.M1,bias,Machine5.Temperature2,hayir,0.02,0.0221,8177,951.1,0.0458,0.4964,0.0221,True,False,0.6882,False
Stage1.M1,bias,Machine5.Temperature3,hayir,0.38,0.4245,8177,30.0,0.0,0.0185,0.4245,True,True,0.0832,False
Stage1.M1,bias,Machine5.Temperature4,hayir,0.66,0.5163,8177,19.6,0.0,0.0198,0.5163,True,False,0.0868,False
Stage1.M1,bias,Machine5.Temperature5,hayir,0.04,0.152,8177,229.6,0.0,0.0211,0.152,True,True,0.0918,False
Stage1.M1,bias,Machine5.Temperature6,hayir,0.63,-0.1965,8177,30.1,0.0,0.3004,0.1965,True,False,0.512,False
Stage1.M2,bias,Machine1.Zone1Temperature,hayir,0.09,0.1477,14002,95.9,0.0,0.1514,0.1477,True,False,0.3384,False
Stage1.M2,bias,Machine1.Zone2Temperature,hayir,0.56,0.0624,14002,783.9,0.0,0.0807,0.0624,True,False,0.2287,False
Stage1.M2,bias,Machine1.MotorRPM,evet,5.74,-0.0769,14002,45.6,0.0,0.6148,0.0769,True,False,0.7764,False
Stage1.M2,bias,Machine1.ExitZoneTemperature,evet,2.71,-0.0819,14002,50.8,0.0,0.5703,0.0819,True,False,0.7471,False
Stage1.M2,bias,Machine2.Zone1Temperature,hayir,0.08,-0.0285,14002,415.1,0.000748,0.5629,0.0285,True,False,0.744,False
Stage1.M2,bias,Machine2.Zone2Temperature,hayir,0.16,-0.0139,14002,590.6,0.099789,0.736,0.0139,False,False,0.8459,False
Stage1.M2,bias,Machine2.MotorRPM,hayir,0.21,0.0039,14002,14002.0,0.645928,0.6459,0.0039,False,False,0.7909,False
Stage1.M2,bias,Machine2.ExitZoneTemperature,hayir,0.27,-0.0148,14002,14002.0,0.079219,0.0792,0.0148,False,False,0.2263,False
Stage1.M2,bias,Machine3.Zone1Temperature,hayir,0.1,0.0496,14002,153.1,0.0,0.543,0.0496,True,False,0.7341,False
Stage1.M2,bias,Machine3.Zone2Temperature,hayir,0.15,0.0184,14002,1581.1,0.029536,0.465,0.0184,True,False,0.6754,False
Stage1.M2,bias,Machine3.MotorRPM,evet,3.28,0.1439,14002,48.2,0.0,0.3301,0.1439,True,False,0.5441,False
Stage1.M2,bias,Machine3.ExitZoneTemperature,hayir,0.1,0.0408,14002,277.3,1e-06,0.4988,0.0408,True,False,0.6896,False
Stage1.M2,bias,Combiner.Temperature3,hayir,0.15,0.0096,14002,2950.6,0.258159,0.6039,0.0096,False,False,0.7676,False
Stage1.M2,bias,Machine4.Temperature1,hayir,0.64,0.0852,14002,269.1,0.0,0.1634,0.0852,True,False,0.3544,False
Stage1.M2,bias,Machine4.Temperature2,hayir,0.82,0.0428,14002,292.3,0.0,0.4661,0.0428,True,False,0.6754,False
Stage1.M2,bias,Machine4.Pressure,evet,5.46,-0.0682,14002,115.6,0.0,0.4685,0.0682,True,False,0.6757,False
Stage1.M2,bias,Machine4.Temperature3,evet,1.15,-0.299,14002,49.5,0.0,0.0355,0.299,True,True,0.1282,False
Stage1.M2,bias,Machine4.Temperature5,hayir,0.92,-0.2729,14002,56.5,0.0,0.0406,0.2729,True,True,0.1416,False
Stage1.M2,bias,Machine5.Temperature1,hayir,0.01,-0.0449,14002,1650.8,0.0,0.0682,0.0449,True,False,0.2076,False
Stage1.M2,bias,Machine5.Temperature2,hayir,0.02,0.011,14002,1321.0,0.195071,0.6909,0.011,False,False,0.8226,False
Stage1.M2,bias,Machine5.Temperature3,hayir,0.38,-0.2088,14002,56.3,0.0,0.122,0.2088,True,False,0.2952,False
Stage1.M2,bias,Machine5.Temperature4,hayir,0.66,-0.2428,14002,48.5,0.0,0.0945,0.2428,True,False,0.2556,False
Stage1.M2,bias,Machine5.Temperature5,hayir,0.04,-0.0146,14002,619.4,0.084904,0.7177,0.0146,False,False,0.8362,False
Stage1.M2,bias,Machine5.Temperature6,hayir,0.63,-0.0093,14002,59.2,0.272905,0.9446,0.0093,False,False,0.977,False
Stage1.M3,bias,Machine1.Zone1Temperature,hayir,0.09,0.0701,13953,649.4,0.0,0.0743,0.0701,True,False,0.2174,False
Stage1.M3,bias,Machine1.Zone2Temperature,hayir,0.56,0.0069,13953,3853.4,0.412864,0.667,0.0069,False,False,0.8037,False
Stage1.M3,bias,Machine1.MotorRPM,evet,5.74,-0.0648,13953,389.0,0.0,0.2026,0.0648,True,False,0.3935,False
Stage1.M3,bias,Machine1.ExitZoneTemperature,evet,2.71,-0.0052,13953,414.3,0.542596,0.9167,0.0052,False,False,0.9599,False
Stage1.M3,bias,Machine2.Zone1Temperature,hayir,0.08,-0.0124,13953,2026.9,0.143151,0.5771,0.0124,False,False,0.7508,False
Stage1.M3,bias,Machine2.Zone2Temperature,hayir,0.16,0.0353,13953,2905.4,3e-05,0.0568,0.0353,True,False,0.1797,False
Stage1.M3,bias,Machine2.MotorRPM,hayir,0.21,-0.0116,13953,13953.0,0.171534,0.1715,0.0116,False,False,0.3561,False
Stage1.M3,bias,Machine2.ExitZoneTemperature,hayir,0.27,0.0056,13953,13953.0,0.50742,0.5074,0.0056,False,False,0.6999,False
Stage1.M3,bias,Machine3.Zone1Temperature,hayir,0.1,0.166,13953,939.2,0.0,0.0,0.166,True,True,0.0,True
Stage1.M3,bias,Machine3.Zone2Temperature,hayir,0.15,0.0145,13953,5613.2,0.087256,0.2782,0.0145,False,False,0.4894,False
Stage1.M3,bias,Machine3.MotorRPM,evet,3.28,0.0764,13953,402.5,0.0,0.1262,0.0764,True,False,0.2982,False
Stage1.M3,bias,Machine3.ExitZoneTemperature,hayir,0.1,0.0839,13953,1495.9,0.0,0.0012,0.0839,True,True,0.0138,True
Stage1.M3,bias,Combiner.Temperature3,hayir,0.15,-0.0036,13953,7204.3,0.669534,0.7591,0.0036,False,False,0.8518,False
Stage1.M3,bias,Machine4.Temperature1,hayir,0.64,0.2561,13953,2391.3,0.0,0.0,0.2561,True,True,0.0,True
Stage1.M3,bias,Machine4.Temperature2,hayir,0.82,0.2832,13953,2458.1,0.0,0.0,0.2832,True,True,0.0,True
Stage1.M3,bias,Machine4.Pressure,evet,5.46,-0.0866,13953,940.2,0.0,0.0079,0.0866,True,True,0.0482,True
Stage1.M3,bias,Machine4.Temperature3,evet,1.15,-0.0522,13953,434.9,0.0,0.278,0.0522,True,False,0.4894,False
Stage1.M3,bias,Machine4.Temperature5,hayir,0.92,-0.0018,13953,497.7,0.828675,0.9675,0.0018,False,False,0.9847,False
Stage1.M3,bias,Machine5.Temperature1,hayir,0.01,0.0338,13953,6079.2,6.5e-05,0.0084,0.0338,True,True,0.0504,False
Stage1.M3,bias,Machine5.Temperature2,hayir,0.02,0.0046,13953,4666.3,0.583243,0.7511,0.0046,False,False,0.8506,False
Stage1.M3,bias,Machine5.Temperature3,hayir,0.38,-0.154,13953,428.2,0.0,0.0014,0.154,True,True,0.0152,True
Stage1.M3,bias,Machine5.Temperature4,hayir,0.66,-0.1143,13953,396.9,0.0,0.0228,0.1143,True,True,0.0976,False
Stage1.M3,bias,Machine5.Temperature5,hayir,0.04,-0.0766,13953,2788.7,0.0,0.0001,0.0766,True,True,0.0014,True
Stage1.M3,bias,Machine5.Temperature6,hayir,0.63,0.0984,13953,441.4,0.0,0.0388,0.0984,True,True,0.1371,False
Stage1.M4,variability,Machine1.Zone1Temperature,hayir,0.09,-0.2025,13912,41.5,0.0,0.2024,0.2025,True,False,0.3935,False
Stage1.M4,variability,Machine1.Zone2Temperature,hayir,0.56,-0.0449,13912,3113.5,0.0,0.0123,0.0449,True,True,0.0642,False
Stage1.M4,variability,Machine1.MotorRPM,evet,5.74,0.6736,13912,14.2,0.0,0.0063,0.6736,True,False,0.0411,False
Stage1.M4,variability,Machine1.ExitZoneTemperature,evet,2.71,0.4031,13912,16.9,0.0,0.1113,0.4031,True,False,0.2817,False
Stage1.M4,variability,Machine2.Zone1Temperature,hayir,0.08,0.0243,13912,380.2,0.004195,0.6373,0.0243,True,False,0.7867,False
Stage1.M4,variability,Machine2.Zone2Temperature,hayir,0.16,-0.0353,13912,479.8,3.1e-05,0.4407,0.0353,True,False,0.6578,False
Stage1.M4,variability,Machine2.MotorRPM,hayir,0.21,-0.001,13912,13912.0,0.908152,0.9082,0.001,False,False,0.9539,False
Stage1.M4,variability,Machine2.ExitZoneTemperature,hayir,0.27,0.0118,13912,13912.0,0.162466,0.1625,0.0118,False,False,0.3544,False
Stage1.M4,variability,Machine3.Zone1Temperature,hayir,0.1,-0.2088,13912,105.8,0.0,0.0317,0.2088,True,True,0.1169,False
Stage1.M4,variability,Machine3.Zone2Temperature,hayir,0.15,-0.0757,13912,1190.1,0.0,0.009,0.0757,True,True,0.0532,False
Stage1.M4,variability,Machine3.MotorRPM,evet,3.28,-0.6341,13912,15.4,0.0,0.0083,0.6341,True,False,0.0502,False
Stage1.M4,variability,Machine3.ExitZoneTemperature,hayir,0.1,-0.1245,13912,178.5,0.0,0.0974,0.1245,True,False,0.2585,False
Stage1.M4,variability,Combiner.Temperature3,hayir,0.15,-0.0078,13912,3314.2,0.356587,0.6529,0.0078,False,False,0.7945,False
Stage1.M4,variability,Machine4.Temperature1,hayir,0.64,-0.1513,13912,249.2,0.0,0.0167,0.1513,True,True,0.0784,False
Stage1.M4,variability,Machine4.Temperature2,hayir,0.82,-0.1284,13912,305.6,0.0,0.0247,0.1284,True,True,0.1024,False
Stage1.M4,variability,Machine4.Pressure,evet,5.46,0.3881,13912,37.4,0.0,0.0163,0.3881,True,True,0.0768,False
Stage1.M4,variability,Machine4.Temperature3,evet,1.15,0.6646,13912,15.9,0.0,0.0041,0.6646,True,False,0.0305,False
Stage1.M4,variability,Machine4.Temperature5,hayir,0.92,0.574,13912,18.4,0.0,0.0105,0.574,True,False,0.0582,False
Stage1.M4,variability,Machine5.Temperature1,hayir,0.01,0.013,13912,1658.9,0.124946,0.5965,0.013,False,False,0.7644,False
Stage1.M4,variability,Machine5.Temperature2,hayir,0.02,-0.0096,13912,1265.8,0.256187,0.7323,0.0096,False,False,0.8443,False
Stage1.M4,variability,Machine5.Temperature3,hayir,0.38,0.4131,13912,22.1,0.0,0.0548,0.4131,True,False,0.1774,False
Stage1.M4,variability,Machine5.Temperature4,hayir,0.66,0.6403,13912,16.2,0.0,0.0058,0.6403,True,False,0.0389,False
Stage1.M4,variability,Machine5.Temperature5,hayir,0.04,0.074,13912,593.4,0.0,0.0715,0.074,True,False,0.2129,False
Stage1.M4,variability,Machine5.Temperature6,hayir,0.63,0.0861,13912,24.7,0.0,0.6879,0.0861,True,False,0.8206,False
Stage1.M6,bias,Machine1.Zone1Temperature,hayir,0.09,0.2019,9372,69.7,0.0,0.0946,0.2019,True,False,0.2556,False
Stage1.M6,bias,Machine1.Zone2Temperature,hayir,0.56,0.0392,9372,1015.4,0.000145,0.2118,0.0392,True,False,0.4029,False
Stage1.M6,bias,Machine1.MotorRPM,evet,5.74,-0.2445,9372,31.4,0.0,0.1838,0.2445,True,False,0.37,False
Stage1.M6,bias,Machine1.ExitZoneTemperature,evet,2.71,-0.0418,9372,55.9,5.2e-05,0.7612,0.0418,True,False,0.8518,False
Stage1.M6,bias,Machine2.Zone1Temperature,hayir,0.08,0.1043,9372,383.3,0.0,0.0412,0.1043,True,True,0.143,False
Stage1.M6,bias,Machine2.Zone2Temperature,hayir,0.16,0.1245,9372,469.9,0.0,0.0069,0.1245,True,True,0.0442,True
Stage1.M6,bias,Machine2.MotorRPM,hayir,0.21,-0.0028,9372,9372.0,0.786279,0.7863,0.0028,False,False,0.8672,False
Stage1.M6,bias,Machine2.ExitZoneTemperature,hayir,0.27,-0.0036,9372,7207.1,0.726279,0.7589,0.0036,False,False,0.8518,False
Stage1.M6,bias,Machine3.Zone1Temperature,hayir,0.1,0.2684,9372,129.5,0.0,0.002,0.2684,True,True,0.0188,True
Stage1.M6,bias,Machine3.Zone2Temperature,hayir,0.15,0.119,9372,875.7,0.0,0.0004,0.119,True,True,0.0057,True
Stage1.M6,bias,Machine3.MotorRPM,evet,3.28,0.2676,9372,35.0,0.0,0.1208,0.2676,True,False,0.2946,False
Stage1.M6,bias,Machine3.ExitZoneTemperature,hayir,0.1,0.1777,9372,171.9,0.0,0.0195,0.1777,True,True,0.0868,False
Stage1.M6,bias,Combiner.Temperature3,hayir,0.15,0.0156,9372,2146.6,0.131739,0.4709,0.0156,False,False,0.6776,False
Stage1.M6,bias,Machine4.Temperature1,hayir,0.64,0.1774,9372,460.9,0.0,0.0001,0.1774,True,True,0.0027,True
Stage1.M6,bias,Machine4.Temperature2,hayir,0.82,0.1612,9372,544.3,0.0,0.0002,0.1612,True,True,0.0031,True
Stage1.M6,bias,Machine4.Pressure,evet,5.46,-0.0559,9372,83.8,0.0,0.6149,0.0559,True,False,0.7764,False
Stage1.M6,bias,Machine4.Temperature3,evet,1.15,-0.4056,9372,35.9,0.0,0.0135,0.4056,True,True,0.0678,False
Stage1.M6,bias,Machine4.Temperature5,hayir,0.92,-0.2962,9372,42.2,0.0,0.0558,0.2962,True,False,0.179,False
Stage1.M6,bias,Machine5.Temperature1,hayir,0.01,-0.0415,9372,1016.4,5.9e-05,0.1865,0.0415,True,False,0.3706,False
Stage1.M6,bias,Machine5.Temperature2,hayir,0.02,-0.0459,9372,1040.5,9e-06,0.139,0.0459,True,False,0.3208,False
Stage1.M6,bias,Machine5.Temperature3,hayir,0.38,-0.4627,9372,39.8,0.0,0.0024,0.4627,True,True,0.0219,True
Stage1.M6,bias,Machine5.Temperature4,hayir,0.66,-0.4435,9372,34.8,0.0,0.0072,0.4435,True,True,0.0453,True
Stage1.M6,bias,Machine5.Temperature5,hayir,0.04,-0.1363,9372,524.0,0.0,0.0017,0.1363,True,True,0.0171,True
Stage1.M6,bias,Machine5.Temperature6,hayir,0.63,0.2691,9372,49.6,0.0,0.0597,0.2691,True,False,0.1866,False
Stage1.M8,bias,Machine1.Zone1Temperature,hayir,0.09,0.0381,13308,464.7,1.1e-05,0.4133,0.0381,True,False,0.6309,False
Stage1.M8,bias,Machine1.Zone2Temperature,hayir,0.56,-0.0129,13308,8759.5,0.13658,0.2272,0.0129,False,False,0.4213,False
Stage1.M8,bias,Machine1.MotorRPM,evet,5.74,0.0244,13308,197.9,0.004842,0.7331,0.0244,True,False,0.8443,False
Stage1.M8,bias,Machine1.ExitZoneTemperature,evet,2.71,0.0111,13308,226.0,0.200939,0.8685,0.0111,False,False,0.9272,False
Stage1.M8,bias,Machine2.Zone1Temperature,hayir,0.08,-0.0666,13308,2689.1,0.0,0.0005,0.0666,True,True,0.007,True
Stage1.M8,bias,Machine2.Zone2Temperature,hayir,0.16,-0.0339,13308,3362.5,9.3e-05,0.0495,0.0339,True,True,0.1641,False
Stage1.M8,bias,Machine2.MotorRPM,hayir,0.21,-0.0096,13308,13308.0,0.26666,0.2667,0.0096,False,False,0.4762,False
Stage1.M8,bias,Machine2.ExitZoneTemperature,hayir,0.27,0.0032,13308,8944.3,0.712209,0.7623,0.0032,False,False,0.8518,False
Stage1.M8,bias,Machine3.Zone1Temperature,hayir,0.1,-0.0641,13308,864.1,0.0,0.0597,0.0641,True,False,0.1866,False
Stage1.M8,bias,Machine3.Zone2Temperature,hayir,0.15,-0.0371,13308,6544.5,1.8e-05,0.0027,0.0371,True,True,0.0229,True
Stage1.M8,bias,Machine3.MotorRPM,evet,3.28,0.0322,13308,211.1,0.000205,0.6425,0.0322,True,False,0.7883,False
Stage1.M8,bias,Machine3.ExitZoneTemperature,hayir,0.1,-0.0245,13308,1508.1,0.004682,0.3415,0.0245,True,False,0.5529,False
Stage1.M8,bias,Combiner.Temperature3,hayir,0.15,-0.0125,13308,9905.6,0.148411,0.2125,0.0125,False,False,0.4029,False
Stage1.M8,bias,Machine4.Temperature1,hayir,0.64,-0.0544,13308,2293.2,0.0,0.0092,0.0544,True,True,0.0534,False
Stage1.M8,bias,Machine4.Temperature2,hayir,0.82,-0.0441,13308,2266.6,0.0,0.0357,0.0441,True,True,0.1282,False
Stage1.M8,bias,Machine4.Pressure,evet,5.46,-0.0667,13308,505.1,0.0,0.1346,0.0667,True,False,0.3142,False
Stage1.M8,bias,Machine4.Temperature3,evet,1.15,-0.0621,13308,220.7,0.0,0.3591,0.0621,True,False,0.573,False
Stage1.M8,bias,Machine4.Temperature5,hayir,0.92,-0.102,13308,256.3,0.0,0.1034,0.102,True,False,0.2671,False
Stage1.M8,bias,Machine5.Temperature1,hayir,0.01,0.0453,13308,7469.1,0.0,0.0001,0.0453,True,True,0.002,True
Stage1.M8,bias,Machine5.Temperature2,hayir,0.02,0.0329,13308,6030.3,0.000146,0.0106,0.0329,True,True,0.0582,False
Stage1.M8,bias,Machine5.Temperature3,hayir,0.38,0.0497,13308,265.4,0.0,0.4205,0.0497,True,False,0.6372,False
Stage1.M8,bias,Machine5.Temperature4,hayir,0.66,-0.0222,13308,215.6,0.010417,0.7461,0.0222,True,False,0.8506,False
Stage1.M8,bias,Machine5.Temperature5,hayir,0.04,0.0476,13308,3676.4,0.0,0.0039,0.0476,True,True,0.0298,True
Stage1.M8,bias,Machine5.Temperature6,hayir,0.63,-0.1319,13308,284.0,0.0,0.0262,0.1319,True,True,0.1055,False
Stage1.M9,bias,Machine1.Zone1Temperature,hayir,0.09,-0.2461,13362,92.0,0.0,0.0178,0.2461,True,True,0.0815,False
Stage1.M9,bias,Machine1.Zone2Temperature,hayir,0.56,-0.0355,13362,2229.6,4e-05,0.0935,0.0355,True,False,0.2556,False
Stage1.M9,bias,Machine1.MotorRPM,evet,5.74,0.0462,13362,44.6,0.0,0.7656,0.0462,True,False,0.8538,False
Stage1.M9,bias,Machine1.ExitZoneTemperature,evet,2.71,0.1273,13362,49.6,0.0,0.3822,0.1273,True,False,0.6003,False
Stage1.M9,bias,Machine2.Zone1Temperature,hayir,0.08,-0.176,13362,382.6,0.0,0.0005,0.176,True,True,0.0069,True
Stage1.M9,bias,Machine2.Zone2Temperature,hayir,0.16,-0.1587,13362,556.5,0.0,0.0002,0.1587,True,True,0.0032,True
Stage1.M9,bias,Machine2.MotorRPM,hayir,0.21,-0.0019,13362,13362.0,0.827897,0.8279,0.0019,False,False,0.895,False
Stage1.M9,bias,Machine2.ExitZoneTemperature,hayir,0.27,-0.031,13362,13362.0,0.000335,0.0003,0.031,True,True,0.0052,True
Stage1.M9,bias,Machine3.Zone1Temperature,hayir,0.1,-0.3188,13362,148.5,0.0,0.0001,0.3188,True,True,0.0016,True
Stage1.M9,bias,Machine3.Zone2Temperature,hayir,0.15,-0.1636,13362,1329.3,0.0,0.0,0.1636,True,True,0.0,True
Stage1.M9,bias,Machine3.MotorRPM,evet,3.28,-0.0724,13362,47.2,0.0,0.6298,0.0724,True,False,0.7831,False
Stage1.M9,bias,Machine3.ExitZoneTemperature,hayir,0.1,-0.1833,13362,249.6,0.0,0.0036,0.1833,True,True,0.0281,True
Stage1.M9,bias,Combiner.Temperature3,hayir,0.15,-0.0242,13362,3533.4,0.005169,0.1506,0.0242,True,False,0.3384,False
Stage1.M9,bias,Machine4.Temperature1,hayir,0.64,-0.2778,13362,442.6,0.0,0.0,0.2778,True,True,0.0,True
Stage1.M9,bias,Machine4.Temperature2,hayir,0.82,-0.2297,13362,520.2,0.0,0.0,0.2297,True,True,0.0,True
Stage1.M9,bias,Machine4.Pressure,evet,5.46,-0.1796,13362,118.1,0.0,0.0514,0.1796,True,False,0.1696,False
Stage1.M9,bias,Machine4.Temperature3,evet,1.15,0.2954,13362,51.3,0.0,0.0344,0.2954,True,True,0.1252,False
Stage1.M9,bias,Machine4.Temperature5,hayir,0.92,0.1136,13362,59.8,0.0,0.3896,0.1136,True,False,0.6058,False
Stage1.M9,bias,Machine5.Temperature1,hayir,0.01,0.1445,13362,1320.4,0.0,0.0,0.1445,True,True,0.0,True
Stage1.M9,bias,Machine5.Temperature2,hayir,0.02,0.0823,13362,1140.1,0.0,0.0054,0.0823,True,True,0.0363,True
Stage1.M9,bias,Machine5.Temperature3,hayir,0.38,0.6031,13362,55.2,0.0,0.0,0.6031,True,True,0.0,True
Stage1.M9,bias,Machine5.Temperature4,hayir,0.66,0.3597,13362,47.5,0.0,0.012,0.3597,True,True,0.0638,False
Stage1.M9,bias,Machine5.Temperature5,hayir,0.04,0.2351,13362,592.7,0.0,0.0,0.2351,True,True,0.0,True
Stage1.M9,bias,Machine5.Temperature6,hayir,0.63,-0.4919,13362,58.9,0.0,0.0001,0.4919,True,True,0.0015,True
Stage1.M10,bias,Machine1.Zone1Temperature,hayir,0.09,0.1278,13819,68.5,0.0,0.2981,0.1278,True,False,0.511,False
Stage1.M10,bias,Machine1.Zone2Temperature,hayir,0.56,0.0133,13819,13819.0,0.117501,0.1175,0.0133,False,False,0.2902,False
Stage1.M10,bias,Machine1.MotorRPM,evet,5.74,-0.5014,13819,22.0,0.0,0.0162,0.5014,True,False,0.0768,False
Stage1.M10,bias,Machine1.ExitZoneTemperature,evet,2.71,-0.4561,13819,26.3,0.0,0.0175,0.4561,True,False,0.0813,False
Stage1.M10,bias,Machine2.Zone1Temperature,hayir,0.08,-0.0308,13819,607.8,0.000295,0.4488,0.0308,True,False,0.665,False
Stage1.M10,bias,Machine2.Zone2Temperature,hayir,0.16,0.0638,13819,734.7,0.0,0.084,0.0638,True,False,0.2334,False
Stage1.M10,bias,Machine2.MotorRPM,hayir,0.21,0.0033,13819,13819.0,0.696287,0.6963,0.0033,False,False,0.8273,False
Stage1.M10,bias,Machine2.ExitZoneTemperature,hayir,0.27,0.0134,13819,10834.6,0.115214,0.1631,0.0134,False,False,0.3544,False
Stage1.M10,bias,Machine3.Zone1Temperature,hayir,0.1,0.0371,13819,180.6,1.3e-05,0.6212,0.0371,True,False,0.7797,False
Stage1.M10,bias,Machine3.Zone2Temperature,hayir,0.15,0.0698,13819,1657.9,0.0,0.0045,0.0698,True,True,0.0328,True
Stage1.M10,bias,Machine3.MotorRPM,evet,3.28,0.5426,13819,24.1,0.0,0.0053,0.5426,True,False,0.0358,False
Stage1.M10,bias,Machine3.ExitZoneTemperature,hayir,0.1,0.0224,13819,286.2,0.008588,0.7067,0.0224,True,False,0.8304,False
Stage1.M10,bias,Combiner.Temperature3,hayir,0.15,0.014,13819,3760.5,0.100011,0.391,0.014,False,False,0.6058,False
Stage1.M10,bias,Machine4.Temperature1,hayir,0.64,0.1334,13819,585.3,0.0,0.0012,0.1334,True,True,0.0138,True
Stage1.M10,bias,Machine4.Temperature2,hayir,0.82,0.0497,13819,759.2,0.0,0.1712,0.0497,True,False,0.3561,False
Stage1.M10,bias,Machine4.Pressure,evet,5.46,-0.2099,13819,59.1,0.0,0.1105,0.2099,True,False,0.2808,False
Stage1.M10,bias,Machine4.Temperature3,evet,1.15,-0.4226,13819,26.2,0.0,0.0299,0.4226,True,False,0.1153,False
Stage1.M10,bias,Machine4.Temperature5,hayir,0.92,-0.3251,13819,31.5,0.0,0.0717,0.3251,True,False,0.2129,False
Stage1.M10,bias,Machine5.Temperature1,hayir,0.01,0.0069,13819,2131.0,0.420558,0.7519,0.0069,False,False,0.8506,False
Stage1.M10,bias,Machine5.Temperature2,hayir,0.02,0.0047,13819,1754.9,0.577467,0.8427,0.0047,False,False,0.9062,False
Stage1.M10,bias,Machine5.Temperature3,hayir,0.38,-0.2663,13819,35.9,0.0,0.1174,0.2663,True,False,0.2902,False
Stage1.M10,bias,Machine5.Temperature4,hayir,0.66,-0.5637,13819,25.6,0.0,0.0024,0.5637,True,False,0.0219,False
Stage1.M10,bias,Machine5.Temperature5,hayir,0.04,-0.0383,13819,927.2,7e-06,0.2446,0.0383,True,False,0.4448,False
Stage1.M10,bias,Machine5.Temperature6,hayir,0.63,-0.2214,13819,40.2,0.0,0.1695,0.2214,True,False,0.3561,False
Stage1.M12,bias,Machine1.Zone1Temperature,hayir,0.09,0.2873,10892,49.0,0.0,0.045,0.2873,True,True,0.1517,False
Stage1.M12,bias,Machine1.Zone2Temperature,hayir,0.56,-0.013,10892,10892.0,0.173355,0.1734,0.013,False,False,0.3587,False
Stage1.M12,bias,Machine1.MotorRPM,evet,5.74,-0.6378,10892,11.8,0.0,0.0251,0.6378,True,False,0.1032,False
Stage1.M12,bias,Machine1.ExitZoneTemperature,evet,2.71,-0.3946,10892,13.8,0.0,0.1707,0.3946,True,False,0.3561,False
Stage1.M12,bias,Machine2.Zone1Temperature,hayir,0.08,-0.048,10892,489.1,1e-06,0.2893,0.048,True,False,0.5017,False
Stage1.M12,bias,Machine2.Zone2Temperature,hayir,0.16,0.0299,10892,528.8,0.001772,0.4921,0.0299,True,False,0.6876,False
Stage1.M12,bias,Machine2.MotorRPM,hayir,0.21,-0.0046,10892,10892.0,0.62795,0.6279,0.0046,False,False,0.7831,False
Stage1.M12,bias,Machine2.ExitZoneTemperature,hayir,0.27,0.0234,10892,8213.8,0.014486,0.0337,0.0234,True,True,0.1235,False
Stage1.M12,bias,Machine3.Zone1Temperature,hayir,0.1,0.0632,10892,230.4,0.0,0.3403,0.0632,True,False,0.5529,False
Stage1.M12,bias,Machine3.Zone2Temperature,hayir,0.15,0.0158,10892,901.2,0.098603,0.6352,0.0158,False,False,0.7859,False
Stage1.M12,bias,Machine3.MotorRPM,evet,3.28,0.6516,10892,13.0,0.0,0.0137,0.6516,True,False,0.0678,False
Stage1.M12,bias,Machine3.ExitZoneTemperature,hayir,0.1,0.0433,10892,442.1,6e-06,0.364,0.0433,True,False,0.5791,False
Stage1.M12,bias,Combiner.Temperature3,hayir,0.15,0.0118,10892,5056.2,0.217599,0.401,0.0118,False,False,0.6169,False
Stage1.M12,bias,Machine4.Temperature1,hayir,0.64,0.0756,10892,470.3,0.0,0.1014,0.0756,True,False,0.2633,False
Stage1.M12,bias,Machine4.Temperature2,hayir,0.82,0.0731,10892,701.6,0.0,0.053,0.0731,True,False,0.1728,False
Stage1.M12,bias,Machine4.Pressure,evet,5.46,-0.3569,10892,49.9,0.0,0.0106,0.3569,True,True,0.0582,False
Stage1.M12,bias,Machine4.Temperature3,evet,1.15,-0.642,10892,18.6,0.0,0.0026,0.642,True,False,0.0229,False
Stage1.M12,bias,Machine4.Temperature5,hayir,0.92,-0.5705,10892,26.7,0.0,0.0016,0.5705,True,False,0.0167,False
Stage1.M12,bias,Machine5.Temperature1,hayir,0.01,0.0113,10892,1529.7,0.236374,0.6575,0.0113,False,False,0.797,False
Stage1.M12,bias,Machine5.Temperature2,hayir,0.02,0.0637,10892,1777.5,0.0,0.0073,0.0637,True,True,0.0453,True
Stage1.M12,bias,Machine5.Temperature3,hayir,0.38,-0.3389,10892,28.3,0.0,0.076,0.3389,True,False,0.2203,False
Stage1.M12,bias,Machine5.Temperature4,hayir,0.66,-0.6456,10892,15.3,0.0,0.0071,0.6456,True,False,0.0452,False
Stage1.M12,bias,Machine5.Temperature5,hayir,0.04,-0.0149,10892,554.7,0.120887,0.727,0.0149,False,False,0.8421,False
Stage1.M12,bias,Machine5.Temperature6,hayir,0.63,-0.2339,10892,25.3,0.0,0.26,0.2339,True,False,0.4671,False
Stage1.M13,variability,Machine1.Zone1Temperature,hayir,0.09,-0.1309,13743,70.0,0.0,0.2813,0.1309,True,False,0.4935,False
Stage1.M13,variability,Machine1.Zone2Temperature,hayir,0.56,-0.0575,13743,1848.1,0.0,0.0135,0.0575,True,True,0.0678,False
Stage1.M13,variability,Machine1.MotorRPM,evet,5.74,0.3697,13743,34.7,0.0,0.029,0.3697,True,True,0.1137,False
Stage1.M13,variability,Machine1.ExitZoneTemperature,evet,2.71,0.2297,13743,38.2,0.0,0.1652,0.2297,True,False,0.3548,False
Stage1.M13,variability,Machine2.Zone1Temperature,hayir,0.08,0.0359,13743,366.8,2.5e-05,0.4928,0.0359,True,False,0.6876,False
Stage1.M13,variability,Machine2.Zone2Temperature,hayir,0.16,-0.0339,13743,545.5,6.9e-05,0.429,0.0339,True,False,0.6419,False
Stage1.M13,variability,Machine2.MotorRPM,hayir,0.21,0.0005,13743,13743.0,0.956062,0.9561,0.0005,False,False,0.9821,False
Stage1.M13,variability,Machine2.ExitZoneTemperature,hayir,0.27,0.0194,13743,13743.0,0.02329,0.0233,0.0194,True,True,0.0985,False
Stage1.M13,variability,Machine3.Zone1Temperature,hayir,0.1,-0.155,13743,126.6,0.0,0.0824,0.155,True,False,0.2299,False
Stage1.M13,variability,Machine3.Zone2Temperature,hayir,0.15,-0.0495,13743,1128.1,0.0,0.0967,0.0495,True,False,0.258,False
Stage1.M13,variability,Machine3.MotorRPM,evet,3.28,-0.3693,13743,36.1,0.0,0.0257,0.3693,True,True,0.1047,False
Stage1.M13,variability,Machine3.ExitZoneTemperature,hayir,0.1,-0.0994,13743,237.4,0.0,0.1267,0.0994,True,False,0.2982,False
Stage1.M13,variability,Combiner.Temperature3,hayir,0.15,0.0311,13743,3322.2,0.000268,0.0733,0.0311,True,False,0.2165,False
Stage1.M13,variability,Machine4.Temperature1,hayir,0.64,-0.0269,13743,464.5,0.001593,0.5628,0.0269,True,False,0.744,False
Stage1.M13,variability,Machine4.Temperature2,hayir,0.82,-0.0131,13743,583.8,0.125559,0.7528,0.0131,False,False,0.8506,False
Stage1.M13,variability,Machine4.Pressure,evet,5.46,0.2118,13743,91.4,0.0,0.0432,0.2118,True,True,0.1476,False
Stage1.M13,variability,Machine4.Temperature3,evet,1.15,0.2254,13743,40.0,0.0,0.1633,0.2254,True,False,0.3544,False
Stage1.M13,variability,Machine4.Temperature5,hayir,0.92,0.1981,13743,46.3,0.0,0.1865,0.1981,True,False,0.3706,False
Stage1.M13,variability,Machine5.Temperature1,hayir,0.01,-0.0251,13743,1179.7,0.003216,0.3886,0.0251,True,False,0.6058,False
Stage1.M13,variability,Machine5.Temperature2,hayir,0.02,0.0106,13743,1209.3,0.214374,0.713,0.0106,False,False,0.8355,False
Stage1.M13,variability,Machine5.Temperature3,hayir,0.38,0.147,13743,41.5,0.0,0.3584,0.147,True,False,0.573,False
Stage1.M13,variability,Machine5.Temperature4,hayir,0.66,0.2178,13743,36.2,0.0,0.2023,0.2178,True,False,0.3935,False
Stage1.M13,variability,Machine5.Temperature5,hayir,0.04,0.0008,13743,561.7,0.926448,0.9851,0.0008,False,False,0.9925,False
Stage1.M13,variability,Machine5.Temperature6,hayir,0.63,-0.0185,13743,43.1,0.030043,0.9067,0.0185,True,False,0.9539,False
Stage1.M14,bias,Machine1.Zone1Temperature,hayir,0.09,-0.2684,9071,46.6,0.0,0.0691,0.2684,True,False,0.2093,False
Stage1.M14,bias,Machine1.Zone2Temperature,hayir,0.56,-0.0091,9071,2759.8,0.384659,0.6317,0.0091,False,False,0.7831,False
Stage1.M14,bias,Machine1.MotorRPM,evet,5.74,-0.1459,9071,17.7,0.0,0.5732,0.1459,True,False,0.7476,False
Stage1.M14,bias,Machine1.ExitZoneTemperature,evet,2.71,-0.0116,9071,40.1,0.268468,0.9436,0.0116,False,False,0.977,False
Stage1.M14,bias,Machine2.Zone1Temperature,hayir,0.08,0.0681,9071,456.7,0.0,0.146,0.0681,True,False,0.3306,False
Stage1.M14,bias,Machine2.Zone2Temperature,hayir,0.16,0.0335,9071,526.7,0.001427,0.4434,0.0335,True,False,0.6586,False
Stage1.M14,bias,Machine2.MotorRPM,hayir,0.21,-0.0044,9071,9071.0,0.677028,0.677,0.0044,False,False,0.8108,False
Stage1.M14,bias,Machine2.ExitZoneTemperature,hayir,0.27,-0.0113,9071,5015.6,0.283099,0.4248,0.0113,False,False,0.6405,False
Stage1.M14,bias,Machine3.Zone1Temperature,hayir,0.1,-0.0354,9071,117.2,0.000733,0.7047,0.0354,True,False,0.8304,False
Stage1.M14,bias,Machine3.Zone2Temperature,hayir,0.15,0.0006,9071,1103.1,0.955747,0.9846,0.0006,False,False,0.9925,False
Stage1.M14,bias,Machine3.MotorRPM,evet,3.28,0.0128,9071,20.3,0.222928,0.9576,0.0128,False,False,0.9821,False
Stage1.M14,bias,Machine3.ExitZoneTemperature,hayir,0.1,-0.0665,9071,149.2,0.0,0.4204,0.0665,True,False,0.6372,False
Stage1.M14,bias,Combiner.Temperature3,hayir,0.15,-0.0206,9071,4072.7,0.049868,0.1889,0.0206,True,False,0.3729,False
Stage1.M14,bias,Machine4.Temperature1,hayir,0.64,0.0032,9071,236.6,0.762507,0.9613,0.0032,False,False,0.9826,False
Stage1.M14,bias,Machine4.Temperature2,hayir,0.82,0.017,9071,257.5,0.105562,0.7863,0.017,False,False,0.8672,False
Stage1.M14,bias,Machine4.Pressure,evet,5.46,-0.0836,9071,47.1,0.0,0.5781,0.0836,True,False,0.7508,False
Stage1.M14,bias,Machine4.Temperature3,evet,1.15,0.2999,9071,19.0,0.0,0.2155,0.2999,True,False,0.4066,False
Stage1.M14,bias,Machine4.Temperature5,hayir,0.92,0.3367,9071,22.5,0.0,0.1216,0.3367,True,False,0.2952,False
Stage1.M14,bias,Machine5.Temperature1,hayir,0.01,-0.0103,9071,1684.8,0.328966,0.6742,0.0103,False,False,0.809,False
Stage1.M14,bias,Machine5.Temperature2,hayir,0.02,-0.0271,9071,1499.5,0.009824,0.2942,0.0271,True,False,0.5087,False
Stage1.M14,bias,Machine5.Temperature3,hayir,0.38,0.2696,9071,26.0,0.0,0.1845,0.2696,True,False,0.3703,False
Stage1.M14,bias,Machine5.Temperature4,hayir,0.66,0.2192,9071,21.0,0.0,0.3439,0.2192,True,False,0.5547,False
Stage1.M14,bias,Machine5.Temperature5,hayir,0.04,0.0146,9071,561.5,0.165762,0.7309,0.0146,False,False,0.8443,False
Stage1.M14,bias,Machine5.Temperature6,hayir,0.63,-0.0658,9071,37.3,0.0,0.7,0.0658,True,False,0.8284,False
Stage2.M0,bias,Machine1.Zone1Temperature,hayir,0.09,-0.3087,12861,158.5,0.0,0.0001,0.3087,True,True,0.0016,True
Stage2.M0,bias,Machine1.Zone2Temperature,hayir,0.56,0.0035,12861,1389.0,0.689197,0.8955,0.0035,False,False,0.951,False
Stage2.M0,bias,Machine1.MotorRPM,evet,5.74,0.3916,12861,37.5,0.0,0.0151,0.3916,True,True,0.073,False
Stage2.M0,bias,Machine1.ExitZoneTemperature,evet,2.71,0.1997,12861,44.3,0.0,0.1934,0.1997,True,False,0.3804,False
Stage2.M0,bias,Machine2.Zone1Temperature,hayir,0.08,0.0398,12861,572.4,6e-06,0.3419,0.0398,True,False,0.5529,False
Stage2.M0,bias,Machine2.Zone2Temperature,hayir,0.16,0.0277,12861,1133.9,0.001664,0.3511,0.0277,True,False,0.5632,False
Stage2.M0,bias,Machine2.MotorRPM,hayir,0.21,-0.0001,12861,12861.0,0.986505,0.9865,0.0001,False,False,0.9925,False
Stage2.M0,bias,Machine2.ExitZoneTemperature,hayir,0.27,-0.0145,12861,11121.1,0.099792,0.1259,0.0145,False,False,0.2982,False
Stage2.M0,bias,Machine3.Zone1Temperature,hayir,0.1,-0.0481,12861,577.4,0.0,0.2485,0.0481,True,False,0.4491,False
Stage2.M0,bias,Machine3.Zone2Temperature,hayir,0.15,-0.014,12861,3753.9,0.111121,0.3895,0.014,False,False,0.6058,False
Stage2.M0,bias,Machine3.MotorRPM,evet,3.28,-0.3652,12861,41.0,0.0,0.0183,0.3652,True,True,0.0832,False
Stage2.M0,bias,Machine3.ExitZoneTemperature,hayir,0.1,-0.0146,12861,598.9,0.097,0.7209,0.0146,False,False,0.8382,False
Stage2.M0,bias,Combiner.Temperature3,hayir,0.15,0.0005,12861,3481.2,0.954906,0.9765,0.0005,False,False,0.9914,False
Stage2.M0,bias,Machine4.Temperature1,hayir,0.64,-0.0488,12861,950.8,0.0,0.1323,0.0488,True,False,0.3101,False
Stage2.M0,bias,Machine4.Temperature2,hayir,0.82,-0.0177,12861,1888.3,0.045225,0.4432,0.0177,True,False,0.6586,False
Stage2.M0,bias,Machine4.Pressure,evet,5.46,0.2415,12861,87.6,0.0,0.0234,0.2415,True,True,0.0985,False
Stage2.M0,bias,Machine4.Temperature3,evet,1.15,0.4987,12861,43.1,0.0,0.0005,0.4987,True,True,0.0069,True
Stage2.M0,bias,Machine4.Temperature5,hayir,0.92,0.4901,12861,46.9,0.0,0.0004,0.4901,True,True,0.0054,True
Stage2.M0,bias,Machine5.Temperature1,hayir,0.01,-0.0166,12861,3172.3,0.060253,0.3509,0.0166,False,False,0.5632,False
Stage2.M0,bias,Machine5.Temperature2,hayir,0.02,-0.0431,12861,1635.6,1e-06,0.0813,0.0431,True,False,0.2287,False
Stage2.M0,bias,Machine5.Temperature3,hayir,0.38,0.4582,12861,71.5,0.0,0.0,0.4582,True,True,0.0012,True
Stage2.M0,bias,Machine5.Temperature4,hayir,0.66,0.4597,12861,43.0,0.0,0.0017,0.4597,True,True,0.0167,True
Stage2.M0,bias,Machine5.Temperature5,hayir,0.04,-0.007,12861,1527.9,0.429418,0.7855,0.007,False,False,0.8672,False
Stage2.M0,bias,Machine5.Temperature6,hayir,0.63,0.2084,12861,46.3,0.0,0.1642,0.2084,True,False,0.3544,False
Stage2.M1,bias,Machine1.Zone1Temperature,hayir,0.09,-0.1553,13408,76.6,0.0,0.179,0.1553,True,False,0.3665,False
Stage2.M1,bias,Machine1.Zone2Temperature,hayir,0.56,-0.054,13408,831.4,0.0,0.12,0.054,True,False,0.294,False
Stage2.M1,bias,Machine1.MotorRPM,evet,5.74,-0.2471,13408,28.0,0.0,0.2067,0.2471,True,False,0.3989,False
Stage2.M1,bias,Machine1.ExitZoneTemperature,evet,2.71,-0.0533,13408,32.1,0.0,0.7737,0.0533,True,False,0.8596,False
Stage2.M1,bias,Machine2.Zone1Temperature,hayir,0.08,-0.0169,13408,355.7,0.049956,0.7505,0.0169,True,False,0.8506,False
Stage2.M1,bias,Machine2.Zone2Temperature,hayir,0.16,-0.0517,13408,740.5,0.0,0.1599,0.0517,True,False,0.3544,False
Stage2.M1,bias,Machine2.MotorRPM,hayir,0.21,0.0008,13408,13408.0,0.921982,0.922,0.0008,False,False,0.9621,False
Stage2.M1,bias,Machine2.ExitZoneTemperature,hayir,0.27,-0.0078,13408,13408.0,0.364837,0.3648,0.0078,False,False,0.5791,False
Stage2.M1,bias,Machine3.Zone1Temperature,hayir,0.1,-0.1103,13408,195.4,0.0,0.1246,0.1103,True,False,0.2982,False
Stage2.M1,bias,Machine3.Zone2Temperature,hayir,0.15,0.0092,13408,4941.0,0.286483,0.5177,0.0092,False,False,0.7092,False
Stage2.M1,bias,Machine3.MotorRPM,evet,3.28,0.195,13408,30.0,0.0,0.3049,0.195,True,False,0.5168,False
Stage2.M1,bias,Machine3.ExitZoneTemperature,hayir,0.1,-0.0741,13408,387.7,0.0,0.1453,0.0741,True,False,0.3305,False
Stage2.M1,bias,Combiner.Temperature3,hayir,0.15,0.0085,13408,3521.0,0.327479,0.6159,0.0085,False,False,0.7764,False
Stage2.M1,bias,Machine4.Temperature1,hayir,0.64,-0.0335,13408,1355.5,0.000107,0.2185,0.0335,True,False,0.4109,False
Stage2.M1,bias,Machine4.Temperature2,hayir,0.82,-0.0315,13408,1793.5,0.000258,0.1817,0.0315,True,False,0.3697,False
Stage2.M1,bias,Machine4.Pressure,evet,5.46,-0.2385,13408,66.8,0.0,0.0522,0.2385,True,False,0.1711,False
Stage2.M1,bias,Machine4.Temperature3,evet,1.15,-0.1533,13408,30.5,0.0,0.4174,0.1533,True,False,0.6356,False
Stage2.M1,bias,Machine4.Temperature5,hayir,0.92,-0.1094,13408,32.2,0.0,0.5528,0.1094,True,False,0.7421,False
Stage2.M1,bias,Machine5.Temperature1,hayir,0.01,0.0054,13408,2879.2,0.532538,0.7725,0.0054,False,False,0.8596,False
Stage2.M1,bias,Machine5.Temperature2,hayir,0.02,-0.0173,13408,1356.3,0.044993,0.5241,0.0173,True,False,0.7147,False
Stage2.M1,bias,Machine5.Temperature3,hayir,0.38,0.2055,13408,43.7,0.0,0.1837,0.2055,True,False,0.37,False
Stage2.M1,bias,Machine5.Temperature4,hayir,0.66,-0.0937,13408,31.2,0.0,0.6176,0.0937,True,False,0.7769,False
Stage2.M1,bias,Machine5.Temperature5,hayir,0.04,-0.0019,13408,1322.4,0.829188,0.946,0.0019,False,False,0.977,False
Stage2.M1,bias,Machine5.Temperature6,hayir,0.63,-0.3399,13408,36.5,0.0,0.0405,0.3399,True,True,0.1416,False
Stage2.M2,variability,Machine1.Zone1Temperature,hayir,0.09,-0.3833,13480,119.1,0.0,0.0,0.3833,True,True,0.0004,True
Stage2.M2,variability,Machine1.Zone2Temperature,hayir,0.56,0.0024,13480,1402.0,0.780265,0.9284,0.0024,False,False,0.9654,False
Stage2.M2,variability,Machine1.MotorRPM,evet,5.74,0.2565,13480,47.1,0.0,0.0816,0.2565,True,False,0.2287,False
Stage2.M2,variability,Machine1.ExitZoneTemperature,evet,2.71,0.0854,13480,52.8,0.0,0.5461,0.0854,True,False,0.7346,False
Stage2.M2,variability,Machine2.Zone1Temperature,hayir,0.08,0.0506,13480,428.2,0.0,0.296,0.0506,True,False,0.5089,False
Stage2.M2,variability,Machine2.Zone2Temperature,hayir,0.16,-0.0436,13480,818.6,0.0,0.2125,0.0436,True,False,0.4029,False
Stage2.M2,variability,Machine2.MotorRPM,hayir,0.21,-0.0052,13480,13480.0,0.542746,0.5427,0.0052,False,False,0.7341,False
Stage2.M2,variability,Machine2.ExitZoneTemperature,hayir,0.27,0.0156,13480,13480.0,0.069429,0.0694,0.0156,False,False,0.2093,False
Stage2.M2,variability,Machine3.Zone1Temperature,hayir,0.1,-0.287,13480,263.3,0.0,0.0,0.287,True,True,0.0001,True
Stage2.M2,variability,Machine3.Zone2Temperature,hayir,0.15,-0.0379,13480,4718.2,1.1e-05,0.0092,0.0379,True,True,0.0534,False
Stage2.M2,variability,Machine3.MotorRPM,evet,3.28,-0.2317,13480,50.0,0.0,0.1058,0.2317,True,False,0.2701,False
Stage2.M2,variability,Machine3.ExitZoneTemperature,hayir,0.1,-0.1467,13480,483.9,0.0,0.0012,0.1467,True,True,0.0138,True
Stage2.M2,variability,Combiner.Temperature3,hayir,0.15,0.004,13480,2489.9,0.643292,0.8423,0.004,False,False,0.9062,False
Stage2.M2,variability,Machine4.Temperature1,hayir,0.64,-0.0325,13480,1129.4,0.000164,0.2759,0.0325,True,False,0.4894,False
Stage2.M2,variability,Machine4.Temperature2,hayir,0.82,-0.018,13480,1938.9,0.036738,0.4286,0.018,True,False,0.6419,False
Stage2.M2,variability,Machine4.Pressure,evet,5.46,0.1337,13480,110.9,0.0,0.1621,0.1337,True,False,0.3544,False
Stage2.M2,variability,Machine4.Temperature3,evet,1.15,0.4845,13480,50.9,0.0,0.0003,0.4845,True,True,0.0044,True
Stage2.M2,variability,Machine4.Temperature5,hayir,0.92,0.4889,13480,53.7,0.0,0.0001,0.4889,True,True,0.0029,True
Stage2.M2,variability,Machine5.Temperature1,hayir,0.01,0.0081,13480,3502.8,0.344501,0.63,0.0081,False,False,0.7831,False
Stage2.M2,variability,Machine5.Temperature2,hayir,0.02,0.0095,13480,1457.9,0.270799,0.7175,0.0095,False,False,0.8362,False
Stage2.M2,variability,Machine5.Temperature3,hayir,0.38,0.6619,13480,69.9,0.0,0.0,0.6619,True,True,0.0,True
Stage2.M2,variability,Machine5.Temperature4,hayir,0.66,0.4557,13480,51.4,0.0,0.0006,0.4557,True,True,0.0076,True
Stage2.M2,variability,Machine5.Temperature5,hayir,0.04,-0.0199,13480,1384.2,0.021046,0.4601,0.0199,True,False,0.6734,False
Stage2.M2,variability,Machine5.Temperature6,hayir,0.63,-0.1575,13480,57.7,0.0,0.2402,0.1575,True,False,0.4395,False
Stage2.M3,variability,Machine1.Zone1Temperature,hayir,0.09,0.0952,13312,57.2,0.0,0.4823,0.0952,True,False,0.684,False
Stage2.M3,variability,Machine1.Zone2Temperature,hayir,0.56,0.0044,13312,11853.6,0.610321,0.6306,0.0044,False,False,0.7831,False
Stage2.M3,variability,Machine1.MotorRPM,evet,5.74,-0.737,13312,12.7,0.0,0.0033,0.737,True,False,0.0264,False
Stage2.M3,variability,Machine1.ExitZoneTemperature,evet,2.71,-0.7188,13312,15.1,0.0,0.0016,0.7188,True,False,0.0167,False
Stage2.M3,variability,Machine2.Zone1Temperature,hayir,0.08,-0.0484,13312,314.3,0.0,0.3928,0.0484,True,False,0.6058,False
Stage2.M3,variability,Machine2.Zone2Temperature,hayir,0.16,0.0215,13312,720.6,0.01315,0.5647,0.0215,True,False,0.7443,False
Stage2.M3,variability,Machine2.MotorRPM,hayir,0.21,0.0009,13312,13312.0,0.921315,0.9213,0.0009,False,False,0.9621,False
Stage2.M3,variability,Machine2.ExitZoneTemperature,hayir,0.27,0.0021,13312,13312.0,0.804987,0.805,0.0021,False,False,0.8814,False
Stage2.M3,variability,Machine3.Zone1Temperature,hayir,0.1,0.2266,13312,135.9,0.0,0.0079,0.2266,True,True,0.0482,True
Stage2.M3,variability,Machine3.Zone2Temperature,hayir,0.15,0.0209,13312,4364.7,0.015688,0.1666,0.0209,True,False,0.3548,False
Stage2.M3,variability,Machine3.MotorRPM,evet,3.28,0.777,13312,13.9,0.0,0.0006,0.777,True,False,0.0075,False
Stage2.M3,variability,Machine3.ExitZoneTemperature,hayir,0.1,0.1655,13312,238.5,0.0,0.0103,0.1655,True,True,0.0582,False
Stage2.M3,variability,Combiner.Temperature3,hayir,0.15,0.0038,13312,3283.0,0.657684,0.8259,0.0038,False,False,0.895,False
Stage2.M3,variability,Machine4.Temperature1,hayir,0.64,0.0416,13312,2525.0,2e-06,0.0365,0.0416,True,True,0.1303,False
Stage2.M3,variability,Machine4.Temperature2,hayir,0.82,0.0611,13312,1616.6,0.0,0.0139,0.0611,True,True,0.0685,False
Stage2.M3,variability,Machine4.Pressure,evet,5.46,-0.3467,13312,31.1,0.0,0.055,0.3467,True,False,0.1774,False
Stage2.M3,variability,Machine4.Temperature3,evet,1.15,-0.4486,13312,14.3,0.0,0.1037,0.4486,True,False,0.2671,False
Stage2.M3,variability,Machine4.Temperature5,hayir,0.92,-0.4131,13312,15.2,0.0,0.1247,0.4131,True,False,0.2982,False
Stage2.M3,variability,Machine5.Temperature1,hayir,0.01,0.013,13312,2716.9,0.132207,0.4966,0.013,False,False,0.6882,False
Stage2.M3,variability,Machine5.Temperature2,hayir,0.02,0.0092,13312,1210.7,0.286437,0.7481,0.0092,False,False,0.8506,False
Stage2.M3,variability,Machine5.Temperature3,hayir,0.38,-0.366,13312,24.1,0.0,0.0776,0.366,True,False,0.2229,False
Stage2.M3,variability,Machine5.Temperature4,hayir,0.66,-0.6941,13312,15.0,0.0,0.003,0.6941,True,False,0.0245,False
Stage2.M3,variability,Machine5.Temperature5,hayir,0.04,-0.0156,13312,1361.4,0.072177,0.5657,0.0156,False,False,0.7443,False
Stage2.M3,variability,Machine5.Temperature6,hayir,0.63,-0.2726,13312,20.3,0.0,0.2445,0.2726,True,False,0.4448,False
Stage2.M5,variability,Machine1.Zone1Temperature,hayir,0.09,-0.2792,13896,64.4,0.0,0.0246,0.2792,True,True,0.1024,False
Stage2.M5,variability,Machine1.Zone2Temperature,hayir,0.56,-0.0103,13896,13896.0,0.223628,0.2236,0.0103,False,False,0.4167,False
Stage2.M5,variability,Machine1.MotorRPM,evet,5.74,0.6501,13896,19.5,0.0,0.0016,0.6501,True,False,0.0167,False
Stage2.M5,variability,Machine1.ExitZoneTemperature,evet,2.71,0.4461,13896,23.2,0.0,0.0309,0.4461,True,False,0.1169,False
Stage2.M5,variability,Machine2.Zone1Temperature,hayir,0.08,0.063,13896,447.7,0.0,0.1836,0.063,True,False,0.37,False
Stage2.M5,variability,Machine2.Zone2Temperature,hayir,0.16,0.0235,13896,849.5,0.005617,0.4943,0.0235,True,False,0.6881,False
Stage2.M5,variability,Machine2.MotorRPM,hayir,0.21,0.0119,13896,13896.0,0.160479,0.1605,0.0119,False,False,0.3544,False
Stage2.M5,variability,Machine2.ExitZoneTemperature,hayir,0.27,-0.0037,13896,13896.0,0.663931,0.6639,0.0037,False,False,0.8031,False
Stage2.M5,variability,Machine3.Zone1Temperature,hayir,0.1,-0.1707,13896,164.3,0.0,0.0286,0.1707,True,True,0.1128,False
Stage2.M5,variability,Machine3.Zone2Temperature,hayir,0.15,-0.0224,13896,4242.4,0.008402,0.1454,0.0224,True,False,0.3305,False
Stage2.M5,variability,Machine3.MotorRPM,evet,3.28,-0.6011,13896,21.3,0.0,0.003,0.6011,True,False,0.0245,False
Stage2.M5,variability,Machine3.ExitZoneTemperature,hayir,0.1,-0.1247,13896,314.6,0.0,0.0269,0.1247,True,True,0.1075,False
Stage2.M5,variability,Combiner.Temperature3,hayir,0.15,0.0102,13896,3195.6,0.227349,0.5628,0.0102,False,False,0.744,False
Stage2.M5,variability,Machine4.Temperature1,hayir,0.64,-0.0305,13896,1273.4,0.000323,0.2768,0.0305,True,False,0.4894,False
Stage2.M5,variability,Machine4.Temperature2,hayir,0.82,0.0351,13896,1180.4,3.5e-05,0.2282,0.0351,True,False,0.4213,False
Stage2.M5,variability,Machine4.Pressure,evet,5.46,0.3127,13896,47.2,0.0,0.0314,0.3127,True,True,0.1169,False
Stage2.M5,variability,Machine4.Temperature3,evet,1.15,0.5282,13896,21.2,0.0,0.0121,0.5282,True,False,0.0638,False
Stage2.M5,variability,Machine4.Temperature5,hayir,0.92,0.5129,13896,22.3,0.0,0.0129,0.5129,True,False,0.0666,False
Stage2.M5,variability,Machine5.Temperature1,hayir,0.01,-0.0479,13896,2455.1,0.0,0.0176,0.0479,True,True,0.0813,False
Stage2.M5,variability,Machine5.Temperature2,hayir,0.02,-0.0295,13896,1824.7,0.000514,0.2085,0.0295,True,False,0.4009,False
Stage2.M5,variability,Machine5.Temperature3,hayir,0.38,0.3887,13896,31.9,0.0,0.0275,0.3887,True,True,0.1095,False
Stage2.M5,variability,Machine5.Temperature4,hayir,0.66,0.6121,13896,22.5,0.0,0.0016,0.6121,True,False,0.0167,False
Stage2.M5,variability,Machine5.Temperature5,hayir,0.04,-0.0034,13896,1790.6,0.68837,0.8856,0.0034,False,False,0.9438,False
Stage2.M5,variability,Machine5.Temperature6,hayir,0.63,0.1955,13896,30.4,0.0,0.3002,0.1955,True,False,0.512,False
Stage2.M7,belirsiz,Machine1.Zone1Temperature,hayir,0.09,-0.2099,13739,293.2,0.0,0.0003,0.2099,True,True,0.0048,True
Stage2.M7,belirsiz,Machine1.Zone2Temperature,hayir,0.56,-0.0225,13739,3737.2,0.008433,0.1696,0.0225,True,False,0.3561,False
Stage2.M7,belirsiz,Machine1.MotorRPM,evet,5.74,0.0821,13739,246.1,0.0,0.1995,0.0821,True,False,0.3912,False
Stage2.M7,belirsiz,Machine1.ExitZoneTemperature,evet,2.71,0.0076,13739,247.1,0.374715,0.9058,0.0076,False,False,0.9539,False
Stage2.M7,belirsiz,Machine2.Zone1Temperature,hayir,0.08,0.0095,13739,1135.4,0.26557,0.7492,0.0095,False,False,0.8506,False
Stage2.M7,belirsiz,Machine2.Zone2Temperature,hayir,0.16,-0.0502,13739,1869.9,0.0,0.03,0.0502,True,True,0.1153,False
Stage2.M7,belirsiz,Machine2.MotorRPM,hayir,0.21,-0.0046,13739,13739.0,0.591285,0.5913,0.0046,False,False,0.7613,False
Stage2.M7,belirsiz,Machine2.ExitZoneTemperature,hayir,0.27,0.0066,13739,12685.0,0.439244,0.4574,0.0066,False,False,0.6726,False
Stage2.M7,belirsiz,Machine3.Zone1Temperature,hayir,0.1,-0.2446,13739,448.9,0.0,0.0,0.2446,True,True,0.0,True
Stage2.M7,belirsiz,Machine3.Zone2Temperature,hayir,0.15,-0.0111,13739,8146.4,0.191723,0.3148,0.0111,False,False,0.5264,False
Stage2.M7,belirsiz,Machine3.MotorRPM,evet,3.28,-0.0647,13739,245.3,0.0,0.3132,0.0647,True,False,0.5264,False
Stage2.M7,belirsiz,Machine3.ExitZoneTemperature,hayir,0.1,-0.1444,13739,964.1,0.0,0.0,0.1444,True,True,0.0002,True
Stage2.M7,belirsiz,Combiner.Temperature3,hayir,0.15,-0.0123,13739,6972.7,0.148988,0.304,0.0123,False,False,0.5167,False
Stage2.M7,belirsiz,Machine4.Temperature1,hayir,0.64,-0.059,13739,2745.6,0.0,0.002,0.059,True,True,0.0188,True
Stage2.M7,belirsiz,Machine4.Temperature2,hayir,0.82,-0.0662,13739,3062.1,0.0,0.0002,0.0662,True,True,0.0044,True
Stage2.M7,belirsiz,Machine4.Pressure,evet,5.46,0.0246,13739,562.1,0.003987,0.5613,0.0246,True,False,0.744,False
Stage2.M7,belirsiz,Machine4.Temperature3,evet,1.15,0.1811,13739,242.4,0.0,0.0046,0.1811,True,True,0.033,True
Stage2.M7,belirsiz,Machine4.Temperature5,hayir,0.92,0.1882,13739,246.2,0.0,0.003,0.1882,True,True,0.0245,True
Stage2.M7,belirsiz,Machine5.Temperature1,hayir,0.01,-0.0046,13739,6233.5,0.589442,0.7163,0.0046,False,False,0.8362,False
Stage2.M7,belirsiz,Machine5.Temperature2,hayir,0.02,0.012,13739,3274.4,0.158697,0.4915,0.012,False,False,0.6876,False
Stage2.M7,belirsiz,Machine5.Temperature3,hayir,0.38,0.3572,13739,224.1,0.0,0.0,0.3572,True,True,0.0,True
Stage2.M7,belirsiz,Machine5.Temperature4,hayir,0.66,0.1969,13739,233.6,0.0,0.0024,0.1969,True,True,0.0219,True
Stage2.M7,belirsiz,Machine5.Temperature5,hayir,0.04,0.0095,13739,3383.4,0.264675,0.58,0.0095,False,False,0.7517,False
Stage2.M7,belirsiz,Machine5.Temperature6,hayir,0.63,-0.2146,13739,222.4,0.0,0.0012,0.2146,True,True,0.0141,True
Stage2.M8,belirsiz,Machine1.Zone1Temperature,hayir,0.09,-0.0371,13111,301.7,2.1e-05,0.5208,0.0371,True,False,0.7119,False
Stage2.M8,belirsiz,Machine1.Zone2Temperature,hayir,0.56,-0.0216,13111,13111.0,0.013267,0.0133,0.0216,True,True,0.0678,False
Stage2.M8,belirsiz,Machine1.MotorRPM,evet,5.74,0.0893,13111,68.9,0.0,0.4672,0.0893,True,False,0.6754,False
Stage2.M8,belirsiz,Machine1.ExitZoneTemperature,evet,2.71,-0.0795,13111,81.0,0.0,0.4818,0.0795,True,False,0.684,False
Stage2.M8,belirsiz,Machine2.Zone1Temperature,hayir,0.08,0.0091,13111,1287.9,0.297571,0.7443,0.0091,False,False,0.8506,False
Stage2.M8,belirsiz,Machine2.Zone2Temperature,hayir,0.16,-0.0308,13111,2580.6,0.000417,0.1176,0.0308,True,False,0.2902,False
Stage2.M8,belirsiz,Machine2.MotorRPM,hayir,0.21,0.0051,13111,13111.0,0.555799,0.5558,0.0051,False,False,0.744,False
Stage2.M8,belirsiz,Machine2.ExitZoneTemperature,hayir,0.27,0.0076,13111,9697.4,0.382224,0.4524,0.0076,False,False,0.6669,False
Stage2.M8,belirsiz,Machine3.Zone1Temperature,hayir,0.1,-0.0639,13111,1440.7,0.0,0.0153,0.0639,True,True,0.0733,False
Stage2.M8,belirsiz,Machine3.Zone2Temperature,hayir,0.15,0.005,13111,7269.2,0.567274,0.6702,0.005,False,False,0.8058,False
Stage2.M8,belirsiz,Machine3.MotorRPM,evet,3.28,0.0257,13111,74.7,0.003209,0.8274,0.0257,True,False,0.895,False
Stage2.M8,belirsiz,Machine3.ExitZoneTemperature,hayir,0.1,-0.0328,13111,1788.5,0.000173,0.1658,0.0328,True,False,0.3548,False
Stage2.M8,belirsiz,Combiner.Temperature3,hayir,0.15,-0.0118,13111,5021.0,0.176205,0.4027,0.0118,False,False,0.6179,False
Stage2.M8,belirsiz,Machine4.Temperature1,hayir,0.64,-0.0273,13111,3927.7,0.001754,0.0869,0.0273,True,False,0.2402,False
Stage2.M8,belirsiz,Machine4.Temperature2,hayir,0.82,-0.0215,13111,4752.5,0.013831,0.1384,0.0215,True,False,0.3206,False
Stage2.M8,belirsiz,Machine4.Pressure,evet,5.46,0.0483,13111,160.9,0.0,0.5432,0.0483,True,False,0.7341,False
Stage2.M8,belirsiz,Machine4.Temperature3,evet,1.15,0.0655,13111,78.9,0.0,0.568,0.0655,True,False,0.7457,False
Stage2.M8,belirsiz,Machine4.Temperature5,hayir,0.92,0.0514,13111,85.5,0.0,0.6402,0.0514,True,False,0.7872,False
Stage2.M8,belirsiz,Machine5.Temperature1,hayir,0.01,-0.0093,13111,5844.1,0.285199,0.4756,0.0093,False,False,0.6794,False
Stage2.M8,belirsiz,Machine5.Temperature2,hayir,0.02,0.0004,13111,3739.1,0.967991,0.9829,0.0004,False,False,0.9925,False
Stage2.M8,belirsiz,Machine5.Temperature3,hayir,0.38,0.1013,13111,138.9,0.0,0.2359,0.1013,True,False,0.4341,False
Stage2.M8,belirsiz,Machine5.Temperature4,hayir,0.66,-0.0475,13111,78.2,0.0,0.6804,0.0475,True,False,0.8132,False
Stage2.M8,belirsiz,Machine5.Temperature5,hayir,0.04,0.0293,13111,3305.7,0.000784,0.0918,0.0293,True,False,0.2528,False
Stage2.M8,belirsiz,Machine5.Temperature6,hayir,0.63,-0.152,13111,85.7,0.0,0.1637,0.152,True,False,0.3544,False
Stage2.M9,variability,Machine1.Zone1Temperature,hayir,0.09,-0.3314,9876,112.5,0.0,0.0003,0.3314,True,True,0.0051,True
Stage2.M9,variability,Machine1.Zone2Temperature,hayir,0.56,-0.0133,9876,9876.0,0.186523,0.1865,0.0133,False,False,0.3706,False
Stage2.M9,variability,Machine1.MotorRPM,evet,5.74,0.1295,9876,46.2,0.0,0.3919,0.1295,True,False,0.6058,False
Stage2.M9,variability,Machine1.ExitZoneTemperature,evet,2.71,0.1984,9876,117.4,0.0,0.0315,0.1984,True,True,0.1169,False
Stage2.M9,variability,Machine2.Zone1Temperature,hayir,0.08,0.0587,9876,536.0,0.0,0.175,0.0587,True,False,0.3605,False
Stage2.M9,variability,Machine2.Zone2Temperature,hayir,0.16,-0.0091,9876,1229.4,0.366457,0.7503,0.0091,False,False,0.8506,False
Stage2.M9,variability,Machine2.MotorRPM,hayir,0.21,0.0045,9876,9876.0,0.652296,0.6523,0.0045,False,False,0.7945,False
Stage2.M9,variability,Machine2.ExitZoneTemperature,hayir,0.27,0.0061,9876,9876.0,0.545745,0.5457,0.0061,False,False,0.7346,False
Stage2.M9,variability,Machine3.Zone1Temperature,hayir,0.1,-0.0554,9876,488.4,0.0,0.2217,0.0554,True,False,0.4145,False
Stage2.M9,variability,Machine3.Zone2Temperature,hayir,0.15,-0.0128,9876,5651.7,0.201843,0.3343,0.0128,False,False,0.5469,False
Stage2.M9,variability,Machine3.MotorRPM,evet,3.28,-0.2293,9876,53.0,0.0,0.0989,0.2293,True,False,0.2598,False
Stage2.M9,variability,Machine3.ExitZoneTemperature,hayir,0.1,-0.0312,9876,660.5,0.001922,0.4234,0.0312,True,False,0.6399,False
Stage2.M9,variability,Combiner.Temperature3,hayir,0.15,-0.0112,9876,4559.2,0.266992,0.4508,0.0112,False,False,0.6662,False
Stage2.M9,variability,Machine4.Temperature1,hayir,0.64,-0.1026,9876,1219.6,0.0,0.0003,0.1026,True,True,0.0052,True
Stage2.M9,variability,Machine4.Temperature2,hayir,0.82,-0.0665,9876,2884.4,0.0,0.0003,0.0665,True,True,0.0052,True
Stage2.M9,variability,Machine4.Pressure,evet,5.46,-0.0015,9876,107.7,0.878972,0.9875,0.0015,False,False,0.9925,False
Stage2.M9,variability,Machine4.Temperature3,evet,1.15,0.3738,9876,44.4,0.0,0.0115,0.3738,True,True,0.0615,False
Stage2.M9,variability,Machine4.Temperature5,hayir,0.92,0.3986,9876,47.0,0.0,0.0051,0.3986,True,True,0.0356,True
Stage2.M9,variability,Machine5.Temperature1,hayir,0.01,-0.0189,9876,3769.7,0.060236,0.2458,0.0189,False,False,0.4455,False
Stage2.M9,variability,Machine5.Temperature2,hayir,0.02,-0.0209,9876,1777.6,0.037827,0.3786,0.0209,True,False,0.5962,False
Stage2.M9,variability,Machine5.Temperature3,hayir,0.38,0.5258,9876,64.0,0.0,0.0,0.5258,True,True,0.0002,True
Stage2.M9,variability,Machine5.Temperature4,hayir,0.66,0.4771,9876,50.3,0.0,0.0004,0.4771,True,True,0.0052,True
Stage2.M9,variability,Machine5.Temperature5,hayir,0.04,0.0027,9876,1825.7,0.791077,0.9094,0.0027,False,False,0.9539,False
Stage2.M9,variability,Machine5.Temperature6,hayir,0.63,0.0982,9876,59.4,0.0,0.4595,0.0982,True,False,0.6734,False
Stage2.M10,variability,Machine1.Zone1Temperature,hayir,0.09,-0.3115,13450,137.0,0.0,0.0002,0.3115,True,True,0.0036,True
Stage2.M10,variability,Machine1.Zone2Temperature,hayir,0.56,0.0029,13450,1514.1,0.732364,0.9087,0.0029,False,False,0.9539,False
Stage2.M10,variability,Machine1.MotorRPM,evet,5.74,-0.2947,13450,47.6,0.0,0.0424,0.2947,True,True,0.1462,False
Stage2.M10,variability,Machine1.ExitZoneTemperature,evet,2.71,-0.2438,13450,54.6,0.0,0.0738,0.2438,True,False,0.2171,False
Stage2.M10,variability,Machine2.Zone1Temperature,hayir,0.08,-0.0045,13450,447.7,0.598916,0.9238,0.0045,False,False,0.9623,False
Stage2.M10,variability,Machine2.Zone2Temperature,hayir,0.16,-0.0007,13450,850.4,0.933584,0.9833,0.0007,False,False,0.9925,False
Stage2.M10,variability,Machine2.MotorRPM,hayir,0.21,-0.0086,13450,13450.0,0.317575,0.3176,0.0086,False,False,0.5293,False
Stage2.M10,variability,Machine2.ExitZoneTemperature,hayir,0.27,-0.0021,13450,13450.0,0.808806,0.8088,0.0021,False,False,0.8819,False
Stage2.M10,variability,Machine3.Zone1Temperature,hayir,0.1,-0.0868,13450,363.1,0.0,0.0986,0.0868,True,False,0.2598,False
Stage2.M10,variability,Machine3.Zone2Temperature,hayir,0.15,-0.0172,13450,6113.0,0.046613,0.1798,0.0172,True,False,0.367,False
Stage2.M10,variability,Machine3.MotorRPM,evet,3.28,0.2602,13450,51.4,0.0,0.0639,0.2602,True,False,0.1986,False
Stage2.M10,variability,Machine3.ExitZoneTemperature,hayir,0.1,-0.0194,13450,391.3,0.024741,0.7028,0.0194,True,False,0.8301,False
Stage2.M10,variability,Combiner.Temperature3,hayir,0.15,-0.0045,13450,2853.1,0.600037,0.8092,0.0045,False,False,0.8819,False
Stage2.M10,variability,Machine4.Temperature1,hayir,0.64,-0.1139,13450,602.8,0.0,0.0051,0.1139,True,True,0.0356,True
Stage2.M10,variability,Machine4.Temperature2,hayir,0.82,-0.0388,13450,1832.9,7e-06,0.0966,0.0388,True,False,0.258,False
Stage2.M10,variability,Machine4.Pressure,evet,5.46,-0.203,13450,112.0,0.0,0.0316,0.203,True,True,0.1169,False
Stage2.M10,variability,Machine4.Temperature3,evet,1.15,0.0073,13450,52.9,0.400148,0.9591,0.0073,False,False,0.9821,False
Stage2.M10,variability,Machine4.Temperature5,hayir,0.92,0.059,13450,56.6,0.0,0.6655,0.059,True,False,0.8034,False
Stage2.M10,variability,Machine5.Temperature1,hayir,0.01,-0.0093,13450,3244.4,0.282221,0.5975,0.0093,False,False,0.7644,False
Stage2.M10,variability,Machine5.Temperature2,hayir,0.02,0.0274,13450,1503.1,0.001467,0.288,0.0274,True,False,0.5009,False
Stage2.M10,variability,Machine5.Temperature3,hayir,0.38,0.3958,13450,77.9,0.0,0.0003,0.3958,True,True,0.0048,True
Stage2.M10,variability,Machine5.Temperature4,hayir,0.66,-0.064,13450,53.3,0.0,0.6496,0.064,True,False,0.7938,False
Stage2.M10,variability,Machine5.Temperature5,hayir,0.04,-0.0015,13450,1356.0,0.860818,0.9556,0.0015,False,False,0.9821,False
Stage2.M10,variability,Machine5.Temperature6,hayir,0.63,-0.3516,13450,58.4,0.0,0.0063,0.3516,True,True,0.0411,True
Stage2.M11,variability,Machine1.Zone1Temperature,hayir,0.09,-0.1417,13457,61.0,0.0,0.2775,0.1417,True,False,0.4894,False
Stage2.M11,variability,Machine1.Zone2Temperature,hayir,0.56,-0.0107,13457,13457.0,0.212876,0.2129,0.0107,False,False,0.4029,False
Stage2.M11,variability,Machine1.MotorRPM,evet,5.74,-0.608,13457,14.1,0.0,0.0186,0.608,True,False,0.0832,False
Stage2.M11,variability,Machine1.ExitZoneTemperature,evet,2.71,-0.373,13457,16.8,0.0,0.1451,0.373,True,False,0.3305,False
Stage2.M11,variability,Machine2.Zone1Temperature,hayir,0.08,-0.0537,13457,325.6,0.0,0.3345,0.0537,True,False,0.5469,False
Stage2.M11,variability,Machine2.Zone2Temperature,hayir,0.16,-0.0193,13457,811.1,0.024789,0.5822,0.0193,True,False,0.7529,False
Stage2.M11,variability,Machine2.MotorRPM,hayir,0.21,-0.0059,13457,13457.0,0.490387,0.4904,0.0059,False,False,0.6876,False
Stage2.M11,variability,Machine2.ExitZoneTemperature,hayir,0.27,0.0063,13457,13457.0,0.467005,0.467,0.0063,False,False,0.6754,False
Stage2.M11,variability,Machine3.Zone1Temperature,hayir,0.1,-0.0189,13457,398.0,0.028395,0.7072,0.0189,True,False,0.8304,False
Stage2.M11,variability,Machine3.Zone2Temperature,hayir,0.15,-0.0043,13457,5117.3,0.617164,0.7579,0.0043,False,False,0.8518,False
Stage2.M11,variability,Machine3.MotorRPM,evet,3.28,0.5579,13457,15.5,0.0,0.0262,0.5579,True,False,0.1055,False
Stage2.M11,variability,Machine3.ExitZoneTemperature,hayir,0.1,0.009,13457,495.6,0.294424,0.841,0.009,False,False,0.9062,False
Stage2.M11,variability,Combiner.Temperature3,hayir,0.15,0.0007,13457,3668.3,0.932492,0.9647,0.0007,False,False,0.9844,False
Stage2.M11,variability,Machine4.Temperature1,hayir,0.64,-0.087,13457,1191.0,0.0,0.0026,0.087,True,True,0.0229,True
Stage2.M11,variability,Machine4.Temperature2,hayir,0.82,-0.0488,13457,3400.9,0.0,0.0044,0.0488,True,True,0.0325,True
Stage2.M11,variability,Machine4.Pressure,evet,5.46,-0.486,13457,33.5,0.0,0.0034,0.486,True,True,0.0269,True
Stage2.M11,variability,Machine4.Temperature3,evet,1.15,-0.3865,13457,16.1,0.0,0.1407,0.3865,True,False,0.3235,False
Stage2.M11,variability,Machine4.Temperature5,hayir,0.92,-0.3078,13457,17.4,0.0,0.2281,0.3078,True,False,0.4213,False
Stage2.M11,variability,Machine5.Temperature1,hayir,0.01,0.0048,13457,2564.2,0.581429,0.8099,0.0048,False,False,0.8819,False
Stage2.M11,variability,Machine5.Temperature2,hayir,0.02,0.0322,13457,1441.6,0.000186,0.2217,0.0322,True,False,0.4145,False
Stage2.M11,variability,Machine5.Temperature3,hayir,0.38,0.1958,13457,26.6,0.0,0.3356,0.1958,True,False,0.5472,False
Stage2.M11,variability,Machine5.Temperature4,hayir,0.66,-0.2962,13457,16.3,0.0,0.2651,0.2962,True,False,0.4749,False
Stage2.M11,variability,Machine5.Temperature5,hayir,0.04,0.0083,13457,1336.3,0.333373,0.7607,0.0083,False,False,0.8518,False
Stage2.M11,variability,Machine5.Temperature6,hayir,0.63,-0.3983,13457,18.3,0.0,0.0996,0.3983,True,False,0.2599,False
Stage2.M12,variability,Machine1.Zone1Temperature,hayir,0.09,-0.5005,13819,66.3,0.0,0.0,0.5005,True,True,0.0004,True
Stage2.M12,variability,Machine1.Zone2Temperature,hayir,0.56,-0.0199,13819,3219.7,0.019186,0.2585,0.0199,True,False,0.4657,False
Stage2.M12,variability,Machine1.MotorRPM,evet,5.74,0.1258,13819,35.3,0.0,0.4723,0.1258,True,False,0.678,False
Stage2.M12,variability,Machine1.ExitZoneTemperature,evet,2.71,0.0226,13819,39.0,0.007778,0.892,0.0226,True,False,0.9489,False
Stage2.M12,variability,Machine2.Zone1Temperature,hayir,0.08,0.034,13819,375.1,6.4e-05,0.5116,0.034,True,False,0.7024,False
Stage2.M12,variability,Machine2.Zone2Temperature,hayir,0.16,-0.0791,13819,745.3,0.0,0.0307,0.0791,True,True,0.1169,False
Stage2.M12,variability,Machine2.MotorRPM,hayir,0.21,-0.0044,13819,13819.0,0.602473,0.6025,0.0044,False,False,0.7675,False
Stage2.M12,variability,Machine2.ExitZoneTemperature,hayir,0.27,-0.0085,13819,13819.0,0.319304,0.3193,0.0085,False,False,0.5307,False
Stage2.M12,variability,Machine3.Zone1Temperature,hayir,0.1,-0.4411,13819,142.6,0.0,0.0,0.4411,True,True,0.0,True
Stage2.M12,variability,Machine3.Zone2Temperature,hayir,0.15,-0.0222,13819,7375.9,0.009038,0.0565,0.0222,True,False,0.1797,False
Stage2.M12,variability,Machine3.MotorRPM,evet,3.28,-0.1202,13819,36.9,0.0,0.4821,0.1202,True,False,0.684,False
Stage2.M12,variability,Machine3.ExitZoneTemperature,hayir,0.1,-0.2716,13819,308.8,0.0,0.0,0.2716,True,True,0.0,True
Stage2.M12,variability,Combiner.Temperature3,hayir,0.15,-0.0016,13819,5155.8,0.850597,0.9084,0.0016,False,False,0.9539,False
Stage2.M12,variability,Machine4.Temperature1,hayir,0.64,-0.0922,13819,1432.8,0.0,0.0005,0.0922,True,True,0.0064,True
Stage2.M12,variability,Machine4.Temperature2,hayir,0.82,-0.0946,13819,1795.8,0.0,0.0001,0.0946,True,True,0.0015,True
Stage2.M12,variability,Machine4.Pressure,evet,5.46,-0.0136,13819,84.1,0.109315,0.9024,0.0136,False,False,0.9539,False
Stage2.M12,variability,Machine4.Temperature3,evet,1.15,0.4528,13819,36.8,0.0,0.0045,0.4528,True,True,0.0329,True
Stage2.M12,variability,Machine4.Temperature5,hayir,0.92,0.4767,13819,38.0,0.0,0.0021,0.4767,True,True,0.02,True
Stage2.M12,variability,Machine5.Temperature1,hayir,0.01,-0.0246,13819,3092.2,0.00379,0.171,0.0246,True,False,0.3561,False
Stage2.M12,variability,Machine5.Temperature2,hayir,0.02,0.0249,13819,1550.2,0.003386,0.3268,0.0249,True,False,0.5401,False
Stage2.M12,variability,Machine5.Temperature3,hayir,0.38,0.8037,13819,43.7,0.0,0.0,0.8037,True,True,0.0,True
Stage2.M12,variability,Machine5.Temperature4,hayir,0.66,0.4568,13819,37.2,0.0,0.0039,0.4568,True,True,0.0298,True
Stage2.M12,variability,Machine5.Temperature5,hayir,0.04,0.0132,13819,1607.2,0.119872,0.5961,0.0132,False,False,0.7644,False
Stage2.M12,variability,Machine5.Temperature6,hayir,0.63,-0.4401,13819,41.3,0.0,0.0035,0.4401,True,True,0.0274,True
Stage2.M13,bias,Machine1.Zone1Temperature,hayir,0.09,-0.1429,13892,58.2,0.0,0.2849,0.1429,True,False,0.4984,False
Stage2.M13,bias,Machine1.Zone2Temperature,hayir,0.56,-0.0075,13892,13892.0,0.377009,0.377,0.0075,False,False,0.5953,False
Stage2.M13,bias,Machine1.MotorRPM,evet,5.74,0.7028,13892,16.3,0.0,0.0015,0.7028,True,False,0.016,False
Stage2.M13,bias,Machine1.ExitZoneTemperature,evet,2.71,0.4532,13892,19.5,0.0,0.0469,0.4532,True,False,0.1573,False
Stage2.M13,bias,Machine2.Zone1Temperature,hayir,0.08,0.0534,13892,399.1,0.0,0.287,0.0534,True,False,0.5006,False
Stage2.M13,bias,Machine2.Zone2Temperature,hayir,0.16,0.0086,13892,869.4,0.308927,0.7994,0.0086,False,False,0.8785,False
Stage2.M13,bias,Machine2.MotorRPM,hayir,0.21,0.0115,13892,13892.0,0.175424,0.1754,0.0115,False,False,0.3605,False
Stage2.M13,bias,Machine2.ExitZoneTemperature,hayir,0.27,0.0086,13892,13892.0,0.310791,0.3108,0.0086,False,False,0.5238,False
Stage2.M13,bias,Machine3.Zone1Temperature,hayir,0.1,-0.0549,13892,161.2,0.0,0.4895,0.0549,True,False,0.6876,False
Stage2.M13,bias,Machine3.Zone2Temperature,hayir,0.15,-0.0247,13892,4571.1,0.003626,0.0953,0.0247,True,False,0.2563,False
Stage2.M13,bias,Machine3.MotorRPM,evet,3.28,-0.6194,13892,17.9,0.0,0.0052,0.6194,True,False,0.0358,False
Stage2.M13,bias,Machine3.ExitZoneTemperature,hayir,0.1,-0.0323,13892,290.1,0.000142,0.5844,0.0323,True,False,0.754,False
Stage2.M13,bias,Combiner.Temperature3,hayir,0.15,0.0112,13892,2708.9,0.186362,0.5597,0.0112,False,False,0.744,False
Stage2.M13,bias,Machine4.Temperature1,hayir,0.64,-0.0501,13892,1256.0,0.0,0.076,0.0501,True,False,0.2203,False
Stage2.M13,bias,Machine4.Temperature2,hayir,0.82,-0.0362,13892,1566.4,1.9e-05,0.1517,0.0362,True,False,0.3384,False
Stage2.M13,bias,Machine4.Pressure,evet,5.46,0.3585,13892,39.5,0.0,0.0235,0.3585,True,True,0.0985,False
Stage2.M13,bias,Machine4.Temperature3,evet,1.15,0.4802,13892,17.8,0.0,0.0439,0.4802,True,False,0.1488,False
Stage2.M13,bias,Machine4.Temperature5,hayir,0.92,0.4457,13892,18.8,0.0,0.0569,0.4457,True,False,0.1797,False
Stage2.M13,bias,Machine5.Temperature1,hayir,0.01,-0.0528,13892,2335.5,0.0,0.0107,0.0528,True,True,0.0584,False
Stage2.M13,bias,Machine5.Temperature2,hayir,0.02,-0.0174,13892,1780.9,0.040507,0.4636,0.0174,True,False,0.6754,False
Stage2.M13,bias,Machine5.Temperature3,hayir,0.38,0.234,13892,27.6,0.0,0.2366,0.234,True,False,0.4342,False
Stage2.M13,bias,Machine5.Temperature4,hayir,0.66,0.5647,13892,19.0,0.0,0.0105,0.5647,True,False,0.0582,False
Stage2.M13,bias,Machine5.Temperature5,hayir,0.04,-0.0169,13892,1705.2,0.046309,0.4854,0.0169,True,False,0.6853,False
Stage2.M13,bias,Machine5.Temperature6,hayir,0.63,0.3352,13892,26.0,0.0,0.0945,0.3352,True,False,0.2556,False
Stage2.M14,bias,Machine1.Zone1Temperature,hayir,0.09,0.0044,13171,84.3,0.613287,0.9683,0.0044,False,False,0.9847,False
Stage2.M14,bias,Machine1.Zone2Temperature,hayir,0.56,-0.0477,13171,1027.8,0.0,0.1267,0.0477,True,False,0.2982,False
Stage2.M14,bias,Machine1.MotorRPM,evet,5.74,-0.3115,13171,27.4,0.0,0.1119,0.3115,True,False,0.2818,False
Stage2.M14,bias,Machine1.ExitZoneTemperature,evet,2.71,-0.1336,13171,31.4,0.0,0.4741,0.1336,True,False,0.6789,False
Stage2.M14,bias,Machine2.Zone1Temperature,hayir,0.08,-0.0419,13171,361.6,1e-06,0.427,0.0419,True,False,0.6419,False
Stage2.M14,bias,Machine2.Zone2Temperature,hayir,0.16,-0.0383,13171,749.0,1.1e-05,0.2954,0.0383,True,False,0.5089,False
Stage2.M14,bias,Machine2.MotorRPM,hayir,0.21,-0.0043,13171,13171.0,0.623077,0.6231,0.0043,False,False,0.7805,False
Stage2.M14,bias,Machine2.ExitZoneTemperature,hayir,0.27,-0.0136,13171,13171.0,0.118019,0.118,0.0136,False,False,0.2902,False
Stage2.M14,bias,Machine3.Zone1Temperature,hayir,0.1,-0.0144,13171,302.1,0.097412,0.8027,0.0144,False,False,0.8805,False
Stage2.M14,bias,Machine3.Zone2Temperature,hayir,0.15,0.0122,13171,4903.7,0.16025,0.3916,0.0122,False,False,0.6058,False
Stage2.M14,bias,Machine3.MotorRPM,evet,3.28,0.2981,13171,29.3,0.0,0.1148,0.2981,True,False,0.287,False
Stage2.M14,bias,Machine3.ExitZoneTemperature,hayir,0.1,-0.0126,13171,487.8,0.149608,0.7822,0.0126,False,False,0.8672,False
Stage2.M14,bias,Combiner.Temperature3,hayir,0.15,0.0094,13171,3073.9,0.278195,0.6005,0.0094,False,False,0.7666,False
Stage2.M14,bias,Machine4.Temperature1,hayir,0.64,-0.0281,13171,1322.1,0.001254,0.3072,0.0281,True,False,0.5192,False
Stage2.M14,bias,Machine4.Temperature2,hayir,0.82,-0.0056,13171,2099.6,0.518892,0.7969,0.0056,False,False,0.8773,False
Stage2.M14,bias,Machine4.Pressure,evet,5.46,-0.2678,13171,64.2,0.0,0.0318,0.2678,True,True,0.1169,False
Stage2.M14,bias,Machine4.Temperature3,evet,1.15,-0.3687,13171,30.3,0.0,0.0433,0.3687,True,True,0.1476,False
Stage2.M14,bias,Machine4.Temperature5,hayir,0.92,-0.3268,13171,32.3,0.0,0.0664,0.3268,True,False,0.2044,False
Stage2.M14,bias,Machine5.Temperature1,hayir,0.01,0.0125,13171,2809.2,0.152692,0.5091,0.0125,False,False,0.7006,False
Stage2.M14,bias,Machine5.Temperature2,hayir,0.02,-0.0156,13171,1412.8,0.073032,0.5575,0.0156,False,False,0.744,False
Stage2.M14,bias,Machine5.Temperature3,hayir,0.38,-0.0673,13171,47.1,0.0,0.6545,0.0673,True,False,0.795,False
Stage2.M14,bias,Machine5.Temperature4,hayir,0.66,-0.305,13171,30.4,0.0,0.0991,0.305,True,False,0.2598,False
Stage2.M14,bias,Machine5.Temperature5,hayir,0.04,-0.0017,13171,1276.7,0.843026,0.9509,0.0017,False,False,0.9803,False
Stage2.M14,bias,Machine5.Temperature6,hayir,0.63,-0.3208,13171,33.7,0.0,0.0655,0.3208,True,False,0.2026,False
