column,role,stage,machine,dtype,n_unique,note,min,max,mean,std,zero_pct,n_changes
time_stamp,time,-,-,datetime64[ns],14074,,,,,,,
AmbientConditions.AmbientHumidity.U.Actual,ambient,ambient,-,float64,27,,13.84,17.24,15.331,1.189,0.0,39.0
AmbientConditions.AmbientTemperature.U.Actual,ambient,ambient,-,float64,26,,23.02,24.43,23.844,0.3735,0.0,41.0
Machine1.RawMaterial.Property1,raw_material,stage1,M1,float64,4,,11.54,12.9,11.851,0.5103,0.0,5.0
Machine1.RawMaterial.Property2,raw_material,stage1,M1,int64,4,,200.0,236.0,205.676,11.6063,0.0,5.0
Machine1.RawMaterial.Property3,raw_material,stage1,M1,float64,5,,601.11,1048.06,951.68,126.662,0.0,6.0
Machine1.RawMaterial.Property4,raw_material,stage1,M1,int64,4,,247.0,257.0,248.869,3.2978,0.0,5.0
Machine1.RawMaterialFeederParameter.U.Actual,measured,stage1,M1,float64,6057,,231.3,1331.82,1242.764,95.8459,0.0,14076.0
Machine1.Zone1Temperature.C.Actual,controlled,stage1,M1,float64,12,,71.9,72.5,72.013,0.0632,0.0,84.0
Machine1.Zone2Temperature.C.Actual,controlled,stage1,M1,float64,60,,71.3,72.7,72.013,0.4063,0.0,1848.0
Machine1.MotorAmperage.U.Actual,measured,stage1,M1,float64,311,,44.4,88.53,70.333,5.5252,0.0,13010.0
Machine1.MotorRPM.C.Actual,controlled,stage1,M1,float64,111,,10.39,12.24,11.072,0.6352,0.0,9385.0
Machine1.MaterialPressure.U.Actual,measured,stage1,M1,float64,3655,,359.47,487.25,409.007,20.4784,0.0,14049.0
Machine1.MaterialTemperature.U.Actual,measured,stage1,M1,float64,99,,76.3,83.9,81.47,0.9306,0.0,422.0
Machine1.ExitZoneTemperature.C.Actual,controlled,stage1,M1,float64,130,,69.7,80.0,75.966,2.059,0.0,677.0
Machine2.RawMaterial.Property1,raw_material,stage1,M2,float64,2,,12.59,12.85,12.793,0.1073,0.0,2.0
Machine2.RawMaterial.Property2,raw_material,stage1,M2,int64,2,,236.0,241.0,239.911,2.0635,0.0,2.0
Machine2.RawMaterial.Property3,raw_material,stage1,M2,float64,2,,556.7,601.11,566.368,18.328,0.0,2.0
Machine2.RawMaterial.Property4,raw_material,stage1,M2,int64,2,,256.0,257.0,256.218,0.4127,0.0,2.0
Machine2.RawMaterialFeederParameter.U.Actual,measured,stage1,M2,float64,5127,,0.0,266.48,202.585,15.1109,0.0,14074.0
Machine2.Zone1Temperature.C.Actual,controlled,stage1,M2,float64,108,,68.67,69.66,68.997,0.057,0.0,11237.0
Machine2.Zone2Temperature.C.Actual,controlled,stage1,M2,float64,174,,67.78,69.941,69.101,0.1091,0.0,11224.0
Machine2.MotorAmperage.U.Actual,measured,stage1,M2,float64,92,,71.56,74.38,73.399,0.3961,0.0,12808.0
Machine2.MotorRPM.C.Actual,controlled,stage1,M2,float64,65,,13.82,13.97,13.897,0.0292,0.0,12563.0
Machine2.MaterialPressure.U.Actual,measured,stage1,M2,float64,764,,218.87,250.58,226.122,3.1064,0.0,14017.0
Machine2.MaterialTemperature.U.Actual,measured,stage1,M2,float64,137,,68.8,77.4,76.812,0.855,0.0,10224.0
Machine2.ExitZoneTemperature.C.Actual,controlled,stage1,M2,float64,52,,59.599,60.5,60.001,0.1621,0.0,3056.0
Machine3.RawMaterial.Property1,raw_material,stage1,M3,float64,3,,8.83,9.86,9.09,0.3966,0.0,3.0
Machine3.RawMaterial.Property2,raw_material,stage1,M3,int64,3,,186.0,221.0,205.647,16.3198,0.0,3.0
Machine3.RawMaterial.Property3,raw_material,stage1,M3,float64,3,,408.97,433.18,425.014,9.5599,0.0,3.0
Machine3.RawMaterial.Property4,raw_material,stage1,M3,int64,3,,200.0,205.0,203.039,2.1776,0.0,3.0
Machine3.RawMaterialFeederParameter.U.Actual,measured,stage1,M3,float64,5145,,0.0,259.07,202.38,15.6536,0.1,14070.0
Machine3.Zone1Temperature.C.Actual,controlled,stage1,M3,float64,20,,77.278,78.7,78.008,0.0768,0.0,154.0
Machine3.Zone2Temperature.C.Actual,controlled,stage1,M3,float64,58,,77.7,78.6,78.005,0.1148,0.0,1384.0
Machine3.MotorAmperage.U.Actual,measured,stage1,M3,float64,3395,,321.25,374.32,345.112,9.0777,0.0,14068.0
Machine3.MotorRPM.C.Actual,controlled,stage1,M3,float64,248,,11.96,14.0,13.27,0.4346,0.0,13449.0
Machine3.MaterialPressure.U.Actual,measured,stage1,M3,float64,1682,,235.06,263.71,246.75,6.1221,0.0,13537.0
Machine3.MaterialTemperature.U.Actual,measured,stage1,M3,float64,109,,65.3,75.5,74.14,2.0583,0.0,234.0
Machine3.ExitZoneTemperature.C.Actual,controlled,stage1,M3,float64,19,,64.8,65.2,65.008,0.0624,0.0,221.0
FirstStage.CombinerOperation.Temperature1.U.Actual,measured,combiner,-,float64,211,,45.3,118.9,108.918,5.6699,0.0,4075.0
FirstStage.CombinerOperation.Temperature2.U.Actual,measured,combiner,-,float64,359,,53.3,115.2,84.898,18.5793,0.0,12533.0
FirstStage.CombinerOperation.Temperature3.C.Actual,controlled,combiner,-,float64,38,,79.6,80.322,80.004,0.1183,0.0,866.0
Stage1.Output.Measurement0.U.Actual,output_actual,stage1_out,-,float64,143,,0.0,20.88,12.961,0.2058,0.5,5427.0
Stage1.Output.Measurement0.U.Setpoint,output_setpoint,stage1_out,-,float64,2,,0.0,13.75,13.695,0.8652,0.4,5.0
Stage1.Output.Measurement1.U.Actual,output_actual,stage1_out,-,float64,359,,-3.133,19.14,13.851,1.2893,41.9,3503.0
Stage1.Output.Measurement1.U.Setpoint,output_setpoint,stage1_out,-,float64,2,,0.0,22.74,22.65,1.4309,0.4,5.0
Stage1.Output.Measurement2.U.Actual,output_actual,stage1_out,-,float64,316,,-4.928,23.53,11.426,0.5721,0.6,6060.0
Stage1.Output.Measurement2.U.Setpoint,output_setpoint,stage1_out,-,float64,2,,0.0,13.02,12.968,0.8193,0.4,5.0
Stage1.Output.Measurement3.U.Actual,output_actual,stage1_out,-,float64,124,,0.0,26.24,21.532,0.2322,1.0,5596.0
Stage1.Output.Measurement3.U.Setpoint,output_setpoint,stage1_out,-,float64,2,,0.0,21.88,21.793,1.3768,0.4,5.0
Stage1.Output.Measurement4.U.Actual,output_actual,stage1_out,-,float64,466,,-7.689,34.76,33.288,1.2151,1.2,6087.0
Stage1.Output.Measurement4.U.Setpoint,output_setpoint,stage1_out,-,float64,2,,0.0,32.55,32.421,2.0482,0.4,5.0
Stage1.Output.Measurement5.U.Actual,output_actual,stage1_out,-,float64,92,,-0.58,4.96,2.544,0.7087,95.1,662.0
Stage1.Output.Measurement5.U.Setpoint,output_setpoint,stage1_out,-,float64,2,,0.0,2.74,2.729,0.1724,0.4,5.0
Stage1.Output.Measurement6.U.Actual,output_actual,stage1_out,-,float64,327,,-0.746,7.03,2.008,0.7677,33.4,4736.0
Stage1.Output.Measurement6.U.Setpoint,output_setpoint,stage1_out,-,float64,2,,0.0,4.25,4.233,0.2674,0.4,5.0
Stage1.Output.Measurement7.U.Actual,output_actual,stage1_out,-,float64,52,,-0.76,5.19,2.91,0.1404,62.2,2000.0
Stage1.Output.Measurement7.U.Setpoint,output_setpoint,stage1_out,-,float64,2,,0.0,2.97,2.958,0.1869,0.4,5.0
Stage1.Output.Measurement8.U.Actual,output_actual,stage1_out,-,float64,115,,-0.0,22.46,20.907,0.3727,5.5,5178.0
Stage1.Output.Measurement8.U.Setpoint,output_setpoint,stage1_out,-,float64,2,,0.0,21.3,21.215,1.3403,0.4,5.0
Stage1.Output.Measurement9.U.Actual,output_actual,stage1_out,-,float64,226,,-0.004,20.45,18.936,0.4361,5.1,5828.0
Stage1.Output.Measurement9.U.Setpoint,output_setpoint,stage1_out,-,float64,2,,0.0,19.52,19.442,1.2283,0.4,5.0
Stage1.Output.Measurement10.U.Actual,output_actual,stage1_out,-,float64,146,,-0.001,13.07,7.831,0.1858,1.9,5908.0
Stage1.Output.Measurement10.U.Setpoint,output_setpoint,stage1_out,-,float64,2,,0.0,8.65,8.616,0.5443,0.4,5.0
Stage1.Output.Measurement11.U.Actual,output_actual,stage1_out,-,float64,110,,-0.0,7.47,5.8,0.3732,74.3,1479.0
Stage1.Output.Measurement11.U.Setpoint,output_setpoint,stage1_out,-,float64,2,,0.0,6.16,6.136,0.3876,0.4,5.0
Stage1.Output.Measurement12.U.Actual,output_actual,stage1_out,-,float64,122,,-0.0,3.95,1.555,0.1493,22.6,4822.0
Stage1.Output.Measurement12.U.Setpoint,output_setpoint,stage1_out,-,float64,2,,0.0,2.02,2.012,0.1271,0.4,5.0
Stage1.Output.Measurement13.U.Actual,output_actual,stage1_out,-,float64,243,,-1.225,6.91,2.953,0.8345,2.4,5659.0
Stage1.Output.Measurement13.U.Setpoint,output_setpoint,stage1_out,-,float64,2,,0.0,3.16,3.147,0.1988,0.4,5.0
Stage1.Output.Measurement14.U.Actual,output_actual,stage1_out,-,float64,295,,-6.549,22.302,15.418,0.9252,35.5,4573.0
Stage1.Output.Measurement14.U.Setpoint,output_setpoint,stage1_out,-,float64,2,,0.0,17.72,17.65,1.115,0.4,5.0
Machine4.Temperature1.C.Actual,controlled,stage2,M4,float64,81,,298.0,393.0,360.124,2.2878,0.0,1191.0
Machine4.Temperature2.C.Actual,controlled,stage2,M4,float64,84,,284.0,396.0,360.135,2.9572,0.0,1385.0
Machine4.Pressure.C.Actual,controlled,stage2,M4,float64,56,,14.0,25.0,17.226,0.9411,0.0,7152.0
Machine4.Temperature3.C.Actual,controlled,stage2,M4,float64,70,,268.0,327.0,322.612,3.7133,0.0,820.0
Machine4.Temperature4.C.Actual,controlled,stage2,M4,float64,56,DUSURULDU (R3) - Machine4.Pressure ile birebir ozdes,14.0,25.0,17.226,0.9411,0.0,7152.0
Machine4.Temperature5.C.Actual,controlled,stage2,M4,float64,69,,260.0,326.0,309.782,2.8599,0.0,627.0
Machine4.ExitTemperature.U.Actual,measured,stage2,M4,float64,122,,35.0,216.0,187.14,23.6531,0.0,6041.0
Machine5.Temperature1.C.Actual,controlled,stage2,M5,float64,21,,309.4,310.3,309.998,0.0392,0.0,517.0
Machine5.Temperature2.C.Actual,controlled,stage2,M5,float64,27,,289.7,290.3,289.998,0.0519,0.0,543.0
Machine5.Temperature3.C.Actual,controlled,stage2,M5,float64,69,,263.8,270.0,269.679,1.0309,0.0,104.0
Machine5.Temperature4.C.Actual,controlled,stage2,M5,float64,85,,237.6,245.0,242.66,1.591,0.0,368.0
Machine5.Temperature5.C.Actual,controlled,stage2,M5,float64,35,,242.9,245.7,244.995,0.1056,0.0,290.0
Machine5.Temperature6.C.Actual,controlled,stage2,M5,float64,49,,62.8,66.1,63.421,0.4022,0.0,285.0
Machine5.ExitTemperature.U.Actual,measured,stage2,M5,float64,310,,45.4,159.2,153.98,10.308,0.0,12729.0
Stage2.Output.Measurement0.U.Actual,output_actual,stage2_out,-,float64,246,,-0.0,19.064,12.808,0.3193,8.7,10823.0
Stage2.Output.Measurement0.U.Setpoint,output_setpoint,stage2_out,-,float64,1,,12.05,12.05,12.05,0.0,0.0,1.0
Stage2.Output.Measurement1.U.Actual,output_actual,stage2_out,-,float64,523,,-0.0,12.86,6.577,0.798,4.8,11177.0
Stage2.Output.Measurement1.U.Setpoint,output_setpoint,stage2_out,-,float64,1,,11.71,11.71,11.71,0.0,0.0,1.0
Stage2.Output.Measurement2.U.Actual,output_actual,stage2_out,-,float64,490,,-0.0,16.54,10.71,0.8142,4.3,10906.0
Stage2.Output.Measurement2.U.Setpoint,output_setpoint,stage2_out,-,int64,1,,11.0,11.0,11.0,0.0,0.0,1.0
Stage2.Output.Measurement3.U.Actual,output_actual,stage2_out,-,float64,388,,-0.0,25.22,20.423,0.645,5.5,10507.0
Stage2.Output.Measurement3.U.Setpoint,output_setpoint,stage2_out,-,float64,1,,20.73,20.73,20.73,0.0,0.0,1.0
Stage2.Output.Measurement4.U.Actual,output_actual,stage2_out,-,float64,367,,-0.0,34.29,30.928,4.6471,90.5,1291.0
Stage2.Output.Measurement4.U.Setpoint,output_setpoint,stage2_out,-,float64,1,,31.36,31.36,31.36,0.0,0.0,1.0
Stage2.Output.Measurement5.U.Actual,output_actual,stage2_out,-,float64,215,,-0.0,8.11,2.781,0.227,1.3,10933.0
Stage2.Output.Measurement5.U.Setpoint,output_setpoint,stage2_out,-,float64,1,,2.71,2.71,2.71,0.0,0.0,1.0
Stage2.Output.Measurement6.U.Actual,output_actual,stage2_out,-,float64,205,,-0.0,3.31,0.539,0.1965,1.3,11248.0
Stage2.Output.Measurement6.U.Setpoint,output_setpoint,stage2_out,-,float64,1,,0.01,0.01,0.01,0.0,0.0,1.0
Stage2.Output.Measurement7.U.Actual,output_actual,stage2_out,-,float64,235,,-0.0,7.45,2.986,0.2366,2.5,10187.0
Stage2.Output.Measurement7.U.Setpoint,output_setpoint,stage2_out,-,float64,1,,2.75,2.75,2.75,0.0,0.0,1.0
Stage2.Output.Measurement8.U.Actual,output_actual,stage2_out,-,float64,274,,-0.0,24.756,19.716,0.5186,6.9,11000.0
Stage2.Output.Measurement8.U.Setpoint,output_setpoint,stage2_out,-,float64,1,,19.39,19.39,19.39,0.0,0.0,1.0
Stage2.Output.Measurement9.U.Actual,output_actual,stage2_out,-,float64,173,,-0.004,18.36,16.589,0.6713,29.8,7965.0
Stage2.Output.Measurement9.U.Setpoint,output_setpoint,stage2_out,-,float64,1,,16.47,16.47,16.47,0.0,0.0,1.0
Stage2.Output.Measurement10.U.Actual,output_actual,stage2_out,-,float64,155,,-0.0,8.59,7.892,0.1707,4.5,10711.0
Stage2.Output.Measurement10.U.Setpoint,output_setpoint,stage2_out,-,float64,1,,7.93,7.93,7.93,0.0,0.0,1.0
Stage2.Output.Measurement11.U.Actual,output_actual,stage2_out,-,float64,161,,-0.0,6.32,5.669,0.1741,4.5,10569.0
Stage2.Output.Measurement11.U.Setpoint,output_setpoint,stage2_out,-,float64,1,,5.65,5.65,5.65,0.0,0.0,1.0
Stage2.Output.Measurement12.U.Actual,output_actual,stage2_out,-,float64,172,,-0.0,5.2,2.009,0.3189,1.8,10602.0
Stage2.Output.Measurement12.U.Setpoint,output_setpoint,stage2_out,-,float64,1,,1.85,1.85,1.85,0.0,0.0,1.0
Stage2.Output.Measurement13.U.Actual,output_actual,stage2_out,-,float64,244,,-0.0,8.0,3.584,0.2335,1.4,10903.0
Stage2.Output.Measurement13.U.Setpoint,output_setpoint,stage2_out,-,float64,1,,2.89,2.89,2.89,0.0,0.0,1.0
Stage2.Output.Measurement14.U.Actual,output_actual,stage2_out,-,float64,396,,-3.437,14.26,8.036,0.6771,6.5,10989.0
Stage2.Output.Measurement14.U.Setpoint,output_setpoint,stage2_out,-,float64,1,,11.71,11.71,11.71,0.0,0.0,1.0
