output,feature_set,model,n_train,n_test,r2,rmse,mae,rmse_mean_base,rmse_pers_base,skill_vs_mean,skill_vs_pers,error_type
Stage1.M0,controlled,ridge,9764,4205,-21.0862,0.2245,0.2067,0.0667,0.0197,-2.3653,-10.4051,bias
Stage1.M0,controlled,rf,9764,4205,-398.997,0.9554,0.4287,0.0667,0.0197,-13.3217,-47.5364,bias
Stage1.M0,controlled,hgb,9764,4205,-410.6768,0.9693,0.4774,0.0667,0.0197,-13.5293,-48.2399,bias
Stage1.M0,ctrl+measured,ridge,9764,4205,-24.9126,0.2432,0.2147,0.0667,0.0197,-2.6452,-11.3536,bias
Stage1.M0,ctrl+measured,rf,9764,4205,-574.5239,1.146,0.905,0.0667,0.0197,-16.179,-57.2198,bias
Stage1.M0,ctrl+measured,hgb,9764,4205,-320.7943,0.8569,0.569,0.0667,0.0197,-11.8456,-42.5339,bias
Stage1.M0,ctrl+lag,ridge,9702,4178,-3.0403,0.0962,0.0856,0.0682,0.0197,-0.4108,-3.8871,bias
Stage1.M0,ctrl+lag,rf,9702,4178,0.4771,0.0346,0.017,0.0682,0.0197,0.4925,-0.7581,bias
Stage1.M0,ctrl+lag,hgb,9702,4178,-13.1196,0.1799,0.1112,0.0682,0.0197,-1.6373,-8.136,bias
Stage1.M1,controlled,ridge,5675,2453,-8.7619,1.6526,1.3309,0.5446,0.2303,-2.0345,-6.1746,bias
Stage1.M1,controlled,rf,5675,2453,-0.1091,0.557,0.2507,0.5446,0.2303,-0.0229,-1.4183,bias
Stage1.M1,controlled,hgb,5675,2453,-0.1835,0.5754,0.2751,0.5446,0.2303,-0.0566,-1.4981,bias
Stage1.M1,ctrl+measured,ridge,5675,2453,-156.8935,6.6462,5.5586,0.5446,0.2303,-11.2041,-27.8543,bias
Stage1.M1,ctrl+measured,rf,5675,2453,-0.0459,0.5409,0.2257,0.5446,0.2303,0.0067,-1.3484,bias
Stage1.M1,ctrl+measured,hgb,5675,2453,0.0049,0.5276,0.2087,0.5446,0.2303,0.0311,-1.2907,bias
Stage1.M1,ctrl+lag,ridge,5360,2317,0.5729,0.21,0.048,0.3593,0.2209,0.4154,0.0493,bias
Stage1.M1,ctrl+lag,rf,5360,2317,0.5041,0.2263,0.0705,0.3593,0.2209,0.3701,-0.0244,bias
Stage1.M1,ctrl+lag,hgb,5360,2317,0.6058,0.2017,0.0477,0.3593,0.2209,0.4384,0.0867,bias
Stage1.M2,controlled,ridge,9753,4200,-14.2751,0.8009,0.7052,0.2133,0.147,-2.7553,-4.4489,bias
Stage1.M2,controlled,rf,9753,4200,-7.9463,0.613,0.4271,0.2133,0.147,-1.8739,-3.17,bias
Stage1.M2,controlled,hgb,9753,4200,-9.4119,0.6613,0.4467,0.2133,0.147,-2.1004,-3.4986,bias
Stage1.M2,ctrl+measured,ridge,9753,4200,-9.2363,0.6557,0.5956,0.2133,0.147,-2.0741,-3.4605,bias
Stage1.M2,ctrl+measured,rf,9753,4200,-24.5204,1.0353,0.7789,0.2133,0.147,-3.8539,-6.043,bias
Stage1.M2,ctrl+measured,hgb,9753,4200,-80.9543,1.8552,1.5024,0.2133,0.147,-7.6983,-11.6212,bias
Stage1.M2,ctrl+lag,ridge,9686,4171,0.5055,0.1444,0.0737,0.2128,0.1475,0.3215,0.0208,bias
Stage1.M2,ctrl+lag,rf,9686,4171,0.5247,0.1416,0.0618,0.2128,0.1475,0.3348,0.0401,bias
Stage1.M2,ctrl+lag,hgb,9686,4171,0.4787,0.1483,0.0639,0.2128,0.1475,0.3034,-0.0053,bias
Stage1.M3,controlled,ridge,9719,4185,-0.932,0.1079,0.085,0.0785,0.0572,-0.3746,-0.8854,bias
Stage1.M3,controlled,rf,9719,4185,-26.6207,0.4081,0.2458,0.0785,0.0572,-4.1975,-6.129,bias
Stage1.M3,controlled,hgb,9719,4185,-35.6004,0.4697,0.3024,0.0785,0.0572,-4.983,-7.2064,bias
Stage1.M3,ctrl+measured,ridge,9719,4185,-0.7832,0.1037,0.0824,0.0785,0.0572,-0.3206,-0.8114,bias
Stage1.M3,ctrl+measured,rf,9719,4185,-5.6859,0.2008,0.1587,0.0785,0.0572,-1.5572,-2.5074,bias
Stage1.M3,ctrl+measured,hgb,9719,4185,-7.0135,0.2198,0.1456,0.0785,0.0572,-1.7995,-2.8399,bias
Stage1.M3,ctrl+lag,ridge,9624,4145,0.0234,0.077,0.0591,0.0794,0.0575,0.0294,-0.3407,bias
Stage1.M3,ctrl+lag,rf,9624,4145,-2.9668,0.1553,0.043,0.0794,0.0575,-0.9561,-1.702,bias
Stage1.M3,ctrl+lag,hgb,9624,4145,0.0502,0.076,0.0367,0.0794,0.0575,0.0428,-0.3222,bias
Stage1.M4,controlled,ridge,9690,4173,-13.1228,0.8948,0.7607,1.4207,0.0933,0.3701,-8.5874,variability
Stage1.M4,controlled,rf,9690,4173,-6.8931,0.669,0.593,1.4207,0.0933,0.5291,-6.1675,variability
Stage1.M4,controlled,hgb,9690,4173,-5.5327,0.6086,0.5503,1.4207,0.0933,0.5716,-5.5206,variability
Stage1.M4,ctrl+measured,ridge,9690,4173,-18.6086,1.0544,0.9084,1.4207,0.0933,0.2578,-10.297,variability
Stage1.M4,ctrl+measured,rf,9690,4173,-8.5405,0.7355,0.6729,1.4207,0.0933,0.4823,-6.88,variability
Stage1.M4,ctrl+measured,hgb,9690,4173,-7.0524,0.6757,0.6143,1.4207,0.0933,0.5244,-6.2394,variability
Stage1.M4,ctrl+lag,ridge,9545,4111,0.8452,0.0932,0.054,1.3978,0.0936,0.9333,0.0038,variability
Stage1.M4,ctrl+lag,rf,9545,4111,-0.0978,0.2482,0.1945,1.3978,0.0936,0.8224,-1.6526,variability
Stage1.M4,ctrl+lag,hgb,9545,4111,-0.1488,0.2539,0.2004,1.3978,0.0936,0.8183,-1.7135,variability
Stage1.M6,controlled,ridge,6512,2811,-0.5814,0.9599,0.7689,0.8333,0.5864,-0.152,-0.6369,bias
Stage1.M6,controlled,rf,6512,2811,-0.4644,0.9237,0.6877,0.8333,0.5864,-0.1085,-0.5751,bias
Stage1.M6,controlled,hgb,6512,2811,-0.517,0.9401,0.6529,0.8333,0.5864,-0.1283,-0.6032,bias
Stage1.M6,ctrl+measured,ridge,6512,2811,-0.8563,1.04,0.652,0.8333,0.5864,-0.2481,-0.7735,bias
Stage1.M6,ctrl+measured,rf,6512,2811,-4.4393,1.7802,1.7402,0.8333,0.5864,-1.1364,-2.0358,bias
Stage1.M6,ctrl+measured,hgb,6512,2811,-1.4064,1.1841,1.0796,0.8333,0.5864,-0.421,-1.0192,bias
Stage1.M6,ctrl+lag,ridge,5274,2280,0.4146,0.4831,0.1652,0.7367,0.6651,0.3443,0.2737,bias
Stage1.M6,ctrl+lag,rf,5274,2280,0.3653,0.503,0.2394,0.7367,0.6651,0.3173,0.2437,bias
Stage1.M6,ctrl+lag,hgb,5274,2280,0.2161,0.559,0.288,0.7367,0.6651,0.2413,0.1595,bias
Stage1.M8,controlled,ridge,9267,3992,-3.031,0.1393,0.1186,0.0736,0.0414,-0.8925,-2.3642,bias
Stage1.M8,controlled,rf,9267,3992,-2.4563,0.129,0.1043,0.0736,0.0414,-0.7524,-2.1152,bias
Stage1.M8,controlled,hgb,9267,3992,-9.8353,0.2283,0.1866,0.0736,0.0414,-2.1028,-4.5157,bias
Stage1.M8,ctrl+measured,ridge,9267,3992,-11.7337,0.2475,0.2189,0.0736,0.0414,-2.3636,-4.9794,bias
Stage1.M8,ctrl+measured,rf,9267,3992,-2.565,0.131,0.0957,0.0736,0.0414,-0.7798,-2.1638,bias
Stage1.M8,ctrl+measured,hgb,9267,3992,-6.1792,0.1858,0.1432,0.0736,0.0414,-1.5256,-3.4897,bias
Stage1.M8,ctrl+lag,ridge,9175,3952,0.6118,0.0434,0.024,0.0722,0.0416,0.3983,-0.0447,bias
Stage1.M8,ctrl+lag,rf,9175,3952,0.1637,0.0637,0.0352,0.0722,0.0416,0.1168,-0.5333,bias
Stage1.M8,ctrl+lag,hgb,9175,3952,-2.7263,0.1345,0.108,0.0722,0.0416,-0.8643,-2.2367,bias
Stage1.M9,controlled,ridge,9305,4008,-1.8451,0.259,0.213,0.1569,0.0811,-0.6508,-2.1943,bias
Stage1.M9,controlled,rf,9305,4008,-4.075,0.3459,0.2937,0.1569,0.0811,-1.2048,-3.2662,bias
Stage1.M9,controlled,hgb,9305,4008,-3.6135,0.3298,0.2778,0.1569,0.0811,-1.1022,-3.0676,bias
Stage1.M9,ctrl+measured,ridge,9305,4008,-10.0886,0.5113,0.442,0.1569,0.0811,-2.259,-5.3062,bias
Stage1.M9,ctrl+measured,rf,9305,4008,-0.4153,0.1827,0.1302,0.1569,0.0811,-0.1643,-1.253,bias
Stage1.M9,ctrl+measured,hgb,9305,4008,-0.9731,0.2157,0.1588,0.1569,0.0811,-0.3748,-1.6601,bias
Stage1.M9,ctrl+lag,ridge,9229,3975,0.4455,0.1131,0.0926,0.1551,0.0812,0.2705,-0.3938,bias
Stage1.M9,ctrl+lag,rf,9229,3975,0.6975,0.0836,0.0645,0.1551,0.0812,0.4612,-0.0295,bias
Stage1.M9,ctrl+lag,hgb,9229,3975,0.6526,0.0896,0.07,0.1551,0.0812,0.4226,-0.1032,bias
Stage1.M10,controlled,ridge,9625,4145,-0.2011,0.0915,0.0732,0.2092,0.0326,0.5625,-1.8063,bias
Stage1.M10,controlled,rf,9625,4145,-2.9271,0.1655,0.1444,0.2092,0.0326,0.209,-4.0745,bias
Stage1.M10,controlled,hgb,9625,4145,-1.3743,0.1287,0.1057,0.2092,0.0326,0.385,-2.9456,bias
Stage1.M10,ctrl+measured,ridge,9625,4145,-0.0625,0.0861,0.0705,0.2092,0.0326,0.5886,-1.6395,bias
Stage1.M10,ctrl+measured,rf,9625,4145,-3.2554,0.1723,0.1498,0.2092,0.0326,0.1766,-4.2823,bias
Stage1.M10,ctrl+measured,hgb,9625,4145,-1.4143,0.1298,0.1067,0.2092,0.0326,0.3798,-2.9788,bias
Stage1.M10,ctrl+lag,ridge,9429,4062,-2.3154,0.1477,0.1308,0.209,0.0328,0.2935,-3.5048,bias
Stage1.M10,ctrl+lag,rf,9429,4062,0.75,0.0405,0.0272,0.209,0.0328,0.806,-0.2369,bias
Stage1.M10,ctrl+lag,hgb,9429,4062,0.7027,0.0442,0.028,0.209,0.0328,0.7884,-0.3491,bias
Stage1.M12,controlled,ridge,7576,3267,-0.9231,0.07,0.0572,0.1558,0.0364,0.5505,-0.9264,bias
Stage1.M12,controlled,rf,7576,3267,-0.3379,0.0584,0.0479,0.1558,0.0364,0.6251,-0.6068,bias
Stage1.M12,controlled,hgb,7576,3267,-12.8779,0.1881,0.1364,0.1558,0.0364,-0.2076,-4.175,bias
Stage1.M12,ctrl+measured,ridge,7576,3267,-0.1385,0.0539,0.0414,0.1558,0.0364,0.6541,-0.4822,bias
Stage1.M12,ctrl+measured,rf,7576,3267,-2.529,0.0949,0.0799,0.1558,0.0364,0.3911,-1.6096,bias
Stage1.M12,ctrl+measured,hgb,7576,3267,-2.889,0.0996,0.0789,0.1558,0.0364,0.3608,-1.7395,bias
Stage1.M12,ctrl+lag,ridge,7149,3084,0.5993,0.0321,0.0225,0.1348,0.0354,0.7621,0.0947,bias
Stage1.M12,ctrl+lag,rf,7149,3084,0.1662,0.0463,0.0361,0.1348,0.0354,0.6568,-0.3059,bias
Stage1.M12,ctrl+lag,hgb,7149,3084,-2.5053,0.0948,0.0649,0.1348,0.0354,0.2962,-1.6776,bias
Stage1.M13,controlled,ridge,9572,4122,-613.5032,1.6922,1.4752,0.5631,0.0441,-2.005,-37.3586,variability
Stage1.M13,controlled,rf,9572,4122,-4.3471,0.1579,0.1395,0.5631,0.0441,0.7197,-2.5782,variability
Stage1.M13,controlled,hgb,9572,4122,-2.0394,0.119,0.0986,0.5631,0.0441,0.7887,-1.6977,variability
Stage1.M13,ctrl+measured,ridge,9572,4122,-113.8061,0.7314,0.5898,0.5631,0.0441,-0.2989,-15.5799,variability
Stage1.M13,ctrl+measured,rf,9572,4122,-9.9949,0.2264,0.1829,0.5631,0.0441,0.598,-4.1309,variability
Stage1.M13,ctrl+measured,hgb,9572,4122,-4.7411,0.1636,0.1315,0.5631,0.0441,0.7095,-2.7077,variability
Stage1.M13,ctrl+lag,ridge,9381,4041,-19.9139,0.3096,0.2758,0.5274,0.0444,0.413,-5.9687,variability
Stage1.M13,ctrl+lag,rf,9381,4041,-5.2326,0.169,0.1229,0.5274,0.0444,0.6795,-2.8042,variability
Stage1.M13,ctrl+lag,hgb,9381,4041,-3.7308,0.1472,0.0846,0.5274,0.0444,0.7208,-2.3144,variability
Stage1.M14,controlled,ridge,6301,2721,-1.2762,1.0591,0.7848,0.768,0.8461,-0.379,-0.2518,bias
Stage1.M14,controlled,rf,6301,2721,-2.4756,1.3087,1.2041,0.768,0.8461,-0.704,-0.5468,bias
Stage1.M14,controlled,hgb,6301,2721,-0.6905,0.9127,0.73,0.768,0.8461,-0.1884,-0.0788,bias
Stage1.M14,ctrl+measured,ridge,6301,2721,-2.3571,1.2862,1.1227,0.768,0.8461,-0.6747,-0.5202,bias
Stage1.M14,ctrl+measured,rf,6301,2721,-2.4456,1.303,1.1838,0.768,0.8461,-0.6966,-0.5401,bias
Stage1.M14,ctrl+measured,hgb,6301,2721,-1.1225,1.0227,0.8613,0.768,0.8461,-0.3316,-0.2088,bias
Stage1.M14,ctrl+lag,ridge,4958,2145,0.273,0.4695,0.1455,0.5874,0.5457,0.2008,0.1398,bias
Stage1.M14,ctrl+lag,rf,4958,2145,0.434,0.4142,0.1084,0.5874,0.5457,0.2949,0.241,bias
Stage1.M14,ctrl+lag,hgb,4958,2145,0.4058,0.4244,0.1309,0.5874,0.5457,0.2775,0.2223,bias
Stage2.M0,controlled,ridge,8954,3858,-17.6525,0.8278,0.7409,0.2592,0.2531,-2.1934,-2.2706,bias
Stage2.M0,controlled,rf,8954,3858,-0.0557,0.1969,0.1032,0.2592,0.2531,0.2403,0.2219,bias
Stage2.M0,controlled,hgb,8954,3858,-0.0466,0.1961,0.1032,0.2592,0.2531,0.2436,0.2253,bias
Stage2.M0,ctrl+measured,ridge,8954,3858,-13.5337,0.7307,0.6445,0.2592,0.2531,-1.8189,-1.887,bias
Stage2.M0,ctrl+measured,rf,8954,3858,-0.1144,0.2023,0.1094,0.2592,0.2531,0.2194,0.2006,bias
Stage2.M0,ctrl+measured,hgb,8954,3858,-0.1193,0.2028,0.1102,0.2592,0.2531,0.2177,0.1988,bias
Stage2.M0,ctrl+lag,ridge,8099,3491,-4.0633,0.2723,0.2402,0.1938,0.1395,-0.4054,-0.9523,bias
Stage2.M0,ctrl+lag,rf,8099,3491,-0.0581,0.1245,0.1,0.1938,0.1395,0.3575,0.1075,bias
Stage2.M0,ctrl+lag,hgb,8099,3491,-0.1779,0.1314,0.1052,0.1938,0.1395,0.3221,0.0584,bias
Stage2.M1,controlled,ridge,9337,4022,-17.2754,1.5306,1.4026,0.4906,0.2033,-2.1198,-6.5295,bias
Stage2.M1,controlled,rf,9337,4022,-3.1136,0.7262,0.6197,0.4906,0.2033,-0.4802,-2.5722,bias
Stage2.M1,controlled,hgb,9337,4022,-5.2508,0.8952,0.7813,0.4906,0.2033,-0.8246,-3.4035,bias
Stage2.M1,ctrl+measured,ridge,9337,4022,-15.5673,1.4573,1.3053,0.4906,0.2033,-1.9705,-6.169,bias
Stage2.M1,ctrl+measured,rf,9337,4022,-3.6216,0.7697,0.6452,0.4906,0.2033,-0.5689,-2.7864,bias
Stage2.M1,ctrl+measured,hgb,9337,4022,-3.1788,0.7319,0.6248,0.4906,0.2033,-0.4918,-2.6004,bias
Stage2.M1,ctrl+lag,ridge,8666,3735,0.6016,0.2256,0.1705,0.4649,0.2063,0.5148,-0.0931,bias
Stage2.M1,ctrl+lag,rf,8666,3735,0.6617,0.2078,0.1512,0.4649,0.2063,0.5529,-0.0073,bias
Stage2.M1,ctrl+lag,hgb,8666,3735,0.6825,0.2014,0.1416,0.4649,0.2063,0.5669,0.0241,bias
Stage2.M2,controlled,ridge,9387,4044,-10.6961,0.9542,0.787,0.4174,0.2608,-1.2863,-2.6588,variability
Stage2.M2,controlled,rf,9387,4044,-0.7601,0.3702,0.2689,0.4174,0.2608,0.1131,-0.4194,variability
Stage2.M2,controlled,hgb,9387,4044,-0.921,0.3867,0.2801,0.4174,0.2608,0.0735,-0.4828,variability
Stage2.M2,ctrl+measured,ridge,9387,4044,-14.4641,1.0972,0.9555,0.4174,0.2608,-1.6288,-3.2071,variability
Stage2.M2,ctrl+measured,rf,9387,4044,-0.4447,0.3353,0.237,0.4174,0.2608,0.1965,-0.2859,variability
Stage2.M2,ctrl+measured,hgb,9387,4044,-0.522,0.3442,0.2502,0.4174,0.2608,0.1753,-0.3198,variability
Stage2.M2,ctrl+lag,ridge,8914,3841,0.2038,0.2523,0.1487,0.3618,0.2652,0.3026,0.0484,variability
Stage2.M2,ctrl+lag,rf,8914,3841,-0.9128,0.3911,0.2303,0.3618,0.2652,-0.0811,-0.4749,variability
Stage2.M2,ctrl+lag,hgb,8914,3841,-0.0432,0.2888,0.1583,0.3618,0.2652,0.2017,-0.0892,variability
Stage2.M3,controlled,ridge,9270,3993,-3.5987,0.7155,0.6367,0.9877,0.1738,0.2757,-3.1176,variability
Stage2.M3,controlled,rf,9270,3993,-11.7213,1.19,1.13,0.9877,0.1738,-0.2047,-5.8486,variability
Stage2.M3,controlled,hgb,9270,3993,-4.8161,0.8046,0.7418,0.9877,0.1738,0.1854,-3.6307,variability
Stage2.M3,ctrl+measured,ridge,9270,3993,-4.4401,0.7782,0.6698,0.9877,0.1738,0.2122,-3.4785,variability
Stage2.M3,ctrl+measured,rf,9270,3993,-9.5482,1.0836,1.0391,0.9877,0.1738,-0.097,-5.2362,variability
Stage2.M3,ctrl+measured,hgb,9270,3993,-5.7881,0.8693,0.7947,0.9877,0.1738,0.12,-4.0027,variability
Stage2.M3,ctrl+lag,ridge,8917,3842,0.5353,0.2179,0.1747,0.9819,0.1762,0.778,-0.2367,variability
Stage2.M3,ctrl+lag,rf,8917,3842,-0.5118,0.3931,0.341,0.9819,0.1762,0.5997,-1.2305,variability
Stage2.M3,ctrl+lag,hgb,8917,3842,-2.3622,0.5862,0.5069,0.9819,0.1762,0.403,-2.3263,variability
Stage2.M5,controlled,ridge,9679,4168,-0.4995,0.1385,0.0901,0.3207,0.1367,0.568,-0.0134,variability
Stage2.M5,controlled,rf,9679,4168,-1.6199,0.1831,0.1449,0.3207,0.1367,0.4289,-0.3396,variability
Stage2.M5,controlled,hgb,9679,4168,-1.506,0.1791,0.1389,0.3207,0.1367,0.4415,-0.3102,variability
Stage2.M5,ctrl+measured,ridge,9679,4168,-3.4672,0.2391,0.1926,0.3207,0.1367,0.2543,-0.7492,variability
Stage2.M5,ctrl+measured,rf,9679,4168,-3.0616,0.228,0.1965,0.3207,0.1367,0.289,-0.6679,variability
Stage2.M5,ctrl+measured,hgb,9679,4168,-2.9502,0.2249,0.1935,0.3207,0.1367,0.2988,-0.6449,variability
Stage2.M5,ctrl+lag,ridge,9270,3993,0.0323,0.0911,0.0682,0.3126,0.1035,0.7087,0.1198,variability
Stage2.M5,ctrl+lag,rf,9270,3993,-0.8923,0.1274,0.0979,0.3126,0.1035,0.5926,-0.2309,variability
Stage2.M5,ctrl+lag,hgb,9270,3993,-1.1135,0.1346,0.1029,0.3126,0.1035,0.5694,-0.3008,variability
Stage2.M7,controlled,ridge,9569,4121,-2.6012,0.2259,0.1914,0.1215,0.1477,-0.8601,-0.5296,belirsiz
Stage2.M7,controlled,rf,9569,4121,-0.2201,0.1315,0.0683,0.1215,0.1477,-0.0827,0.1097,belirsiz
Stage2.M7,controlled,hgb,9569,4121,-0.0732,0.1233,0.0476,0.1215,0.1477,-0.0154,0.165,belirsiz
Stage2.M7,ctrl+measured,ridge,9569,4121,-1.5589,0.1904,0.1374,0.1215,0.1477,-0.568,-0.2894,belirsiz
Stage2.M7,ctrl+measured,rf,9569,4121,-0.2862,0.135,0.0724,0.1215,0.1477,-0.1117,0.0859,belirsiz
Stage2.M7,ctrl+measured,hgb,9569,4121,-0.2465,0.1329,0.0679,0.1215,0.1477,-0.0943,0.1001,belirsiz
Stage2.M7,ctrl+lag,ridge,9111,3925,-2.5051,0.2034,0.1715,0.109,0.1444,-0.8656,-0.409,belirsiz
Stage2.M7,ctrl+lag,rf,9111,3925,-2.9347,0.2155,0.1823,0.109,0.1444,-0.9766,-0.4929,belirsiz
Stage2.M7,ctrl+lag,hgb,9111,3925,-3.9735,0.2423,0.2062,0.109,0.1444,-1.2222,-0.6784,belirsiz
Stage2.M8,controlled,ridge,9129,3933,-0.8897,0.5221,0.4269,0.3798,0.4324,-0.3747,-0.2074,belirsiz
Stage2.M8,controlled,rf,9129,3933,-0.0248,0.3845,0.3107,0.3798,0.4324,-0.0123,0.1108,belirsiz
Stage2.M8,controlled,hgb,9129,3933,-0.1493,0.4072,0.3324,0.3798,0.4324,-0.072,0.0584,belirsiz
Stage2.M8,ctrl+measured,ridge,9129,3933,-0.9014,0.5237,0.4267,0.3798,0.4324,-0.3789,-0.2112,belirsiz
Stage2.M8,ctrl+measured,rf,9129,3933,-1.3917,0.5874,0.401,0.3798,0.4324,-0.5465,-0.3584,belirsiz
Stage2.M8,ctrl+measured,hgb,9129,3933,-0.1577,0.4087,0.3266,0.3798,0.4324,-0.076,0.0549,belirsiz
Stage2.M8,ctrl+lag,ridge,8564,3691,0.1952,0.3424,0.2812,0.3818,0.4336,0.103,0.2102,belirsiz
Stage2.M8,ctrl+lag,rf,8564,3691,0.1062,0.3609,0.2943,0.3818,0.4336,0.0547,0.1676,belirsiz
Stage2.M8,ctrl+lag,hgb,8564,3691,0.0266,0.3766,0.3056,0.3818,0.4336,0.0135,0.1314,belirsiz
Stage2.M9,controlled,ridge,6865,2962,-0.6313,0.4176,0.2452,0.3291,0.4423,-0.2688,0.0559,variability
Stage2.M9,controlled,rf,6865,2962,-0.0222,0.3305,0.105,0.3291,0.4423,-0.0044,0.2526,variability
Stage2.M9,controlled,hgb,6865,2962,-0.0149,0.3294,0.0984,0.3291,0.4423,-0.0008,0.2553,variability
Stage2.M9,ctrl+measured,ridge,6865,2962,-0.1985,0.3579,0.1487,0.3291,0.4423,-0.0876,0.1908,variability
Stage2.M9,ctrl+measured,rf,6865,2962,-0.0194,0.3301,0.1095,0.3291,0.4423,-0.003,0.2537,variability
Stage2.M9,ctrl+measured,hgb,6865,2962,-0.0158,0.3295,0.101,0.3291,0.4423,-0.0013,0.255,variability
Stage2.M9,ctrl+lag,ridge,6252,2700,0.3685,0.0615,0.0445,0.0774,0.0576,0.2059,-0.0679,variability
Stage2.M9,ctrl+lag,rf,6252,2700,0.5463,0.0521,0.0384,0.0774,0.0576,0.3269,0.0948,variability
Stage2.M9,ctrl+lag,hgb,6252,2700,0.5152,0.0539,0.0412,0.0774,0.0576,0.3042,0.0642,variability
Stage2.M10,controlled,ridge,9366,4035,-30.3276,0.3366,0.3,0.0992,0.0706,-2.3911,-3.7667,variability
Stage2.M10,controlled,rf,9366,4035,-0.3422,0.0697,0.0551,0.0992,0.0706,0.2981,0.0134,variability
Stage2.M10,controlled,hgb,9366,4035,-0.1158,0.0635,0.0497,0.0992,0.0706,0.36,0.1004,variability
Stage2.M10,ctrl+measured,ridge,9366,4035,-11.3903,0.2117,0.1808,0.0992,0.0706,-1.1327,-1.9977,variability
Stage2.M10,ctrl+measured,rf,9366,4035,-1.002,0.0851,0.0688,0.0992,0.0706,0.1427,-0.205,variability
Stage2.M10,ctrl+measured,hgb,9366,4035,-0.8977,0.0828,0.0666,0.0992,0.0706,0.1654,-0.1732,variability
Stage2.M10,ctrl+lag,ridge,8981,3870,-0.2428,0.0668,0.053,0.1062,0.0703,0.3708,0.049,variability
Stage2.M10,ctrl+lag,rf,8981,3870,0.0386,0.0588,0.046,0.1062,0.0703,0.4466,0.1635,variability
Stage2.M10,ctrl+lag,hgb,8981,3870,-0.1571,0.0645,0.0507,0.1062,0.0703,0.3929,0.0823,variability
Stage2.M11,controlled,ridge,9371,4037,-19.7664,0.2269,0.2083,0.1657,0.0579,-0.369,-2.9185,variability
Stage2.M11,controlled,rf,9371,4037,-5.1041,0.123,0.1046,0.1657,0.0579,0.2578,-1.1245,variability
Stage2.M11,controlled,hgb,9371,4037,-3.9576,0.1108,0.0873,0.1657,0.0579,0.3311,-0.9146,variability
Stage2.M11,ctrl+measured,ridge,9371,4037,-3.7544,0.1085,0.0886,0.1657,0.0579,0.345,-0.8749,variability
Stage2.M11,ctrl+measured,rf,9371,4037,-0.6009,0.063,0.0506,0.1657,0.0579,0.6199,-0.088,variability
Stage2.M11,ctrl+measured,hgb,9371,4037,-0.4769,0.0605,0.0485,0.1657,0.0579,0.6349,-0.045,variability
Stage2.M11,ctrl+lag,ridge,8986,3871,-0.973,0.0696,0.0578,0.1711,0.0578,0.593,-0.2048,variability
Stage2.M11,ctrl+lag,rf,8986,3871,-0.3959,0.0586,0.0475,0.1711,0.0578,0.6577,-0.0134,variability
Stage2.M11,ctrl+lag,hgb,8986,3871,-0.2462,0.0553,0.0446,0.1711,0.0578,0.6765,0.0425,variability
Stage2.M12,controlled,ridge,9625,4145,-28.4907,0.3044,0.2562,0.0755,0.0592,-3.0319,-4.1381,variability
Stage2.M12,controlled,rf,9625,4145,-1.0352,0.08,0.0613,0.0755,0.0592,-0.0592,-0.3498,variability
Stage2.M12,controlled,hgb,9625,4145,-0.626,0.0715,0.0521,0.0755,0.0592,0.0533,-0.2065,variability
Stage2.M12,ctrl+measured,ridge,9625,4145,-17.4659,0.2408,0.2105,0.0755,0.0592,-2.1905,-3.0658,variability
Stage2.M12,ctrl+measured,rf,9625,4145,-0.6856,0.0728,0.0549,0.0755,0.0592,0.0361,-0.2284,variability
Stage2.M12,ctrl+measured,hgb,9625,4145,-0.7342,0.0738,0.0552,0.0755,0.0592,0.0223,-0.246,variability
Stage2.M12,ctrl+lag,ridge,9198,3963,-3.5318,0.1008,0.0889,0.0545,0.043,-0.8508,-1.344,variability
Stage2.M12,ctrl+lag,rf,9198,3963,0.2007,0.0424,0.033,0.0545,0.043,0.2227,0.0156,variability
Stage2.M12,ctrl+lag,hgb,9198,3963,-0.8244,0.064,0.0513,0.0545,0.043,-0.1743,-0.4873,variability
Stage2.M13,controlled,ridge,9676,4167,-18.1724,0.5418,0.4862,0.3548,0.1166,-0.527,-3.6468,bias
Stage2.M13,controlled,rf,9676,4167,-1.1922,0.1832,0.1295,0.3548,0.1166,0.4837,-0.5713,bias
Stage2.M13,controlled,hgb,9676,4167,-0.8557,0.1686,0.1131,0.3548,0.1166,0.5249,-0.4457,bias
Stage2.M13,ctrl+measured,ridge,9676,4167,-10.4008,0.4178,0.3721,0.3548,0.1166,-0.1775,-2.5833,bias
Stage2.M13,ctrl+measured,rf,9676,4167,-3.6886,0.2679,0.2353,0.3548,0.1166,0.2449,-1.2979,bias
Stage2.M13,ctrl+measured,hgb,9676,4167,-3.8947,0.2738,0.2395,0.3548,0.1166,0.2285,-1.3479,bias
Stage2.M13,ctrl+lag,ridge,9278,3996,0.556,0.0531,0.0414,0.3338,0.0611,0.841,0.1317,bias
Stage2.M13,ctrl+lag,rf,9278,3996,-0.5818,0.1002,0.0812,0.3338,0.0611,0.6999,-0.6389,bias
Stage2.M13,ctrl+lag,hgb,9278,3996,-5.3975,0.2015,0.1541,0.3338,0.0611,0.3964,-2.296,bias
Stage2.M14,controlled,ridge,9171,3951,-21.6822,1.3281,1.1853,0.4457,0.2776,-1.98,-3.7846,bias
Stage2.M14,controlled,rf,9171,3951,-0.2218,0.3082,0.1996,0.4457,0.2776,0.3084,-0.1105,bias
Stage2.M14,controlled,hgb,9171,3951,-0.1146,0.2944,0.1968,0.4457,0.2776,0.3394,-0.0606,bias
Stage2.M14,ctrl+measured,ridge,9171,3951,-30.4958,1.565,1.3895,0.4457,0.2776,-2.5115,-4.6381,bias
Stage2.M14,ctrl+measured,rf,9171,3951,-0.1193,0.295,0.1909,0.4457,0.2776,0.338,-0.0629,bias
Stage2.M14,ctrl+measured,hgb,9171,3951,-0.0912,0.2913,0.2036,0.4457,0.2776,0.3464,-0.0495,bias
Stage2.M14,ctrl+lag,ridge,8513,3669,-0.0848,0.2905,0.2136,0.4126,0.2437,0.2959,-0.1923,bias
Stage2.M14,ctrl+lag,rf,8513,3669,0.3741,0.2207,0.1309,0.4126,0.2437,0.4652,0.0944,bias
Stage2.M14,ctrl+lag,hgb,8513,3669,0.3521,0.2245,0.1376,0.4126,0.2437,0.4558,0.0785,bias
